id,feh,err_feh,CI,e_CI,n_CI,[CI],e_[CI],n_[CI],err_CI,OI,e_OI,n_OI,[OI],e_[OI],n_[OI],err_OI,NaI,e_NaI,n_NaI,[NaI],e_[NaI],n_[NaI],err_NaI,MgI,e_MgI,n_MgI,[MgI],e_[MgI],n_[MgI],err_MgI,AlI,e_AlI,n_AlI,[AlI],e_[AlI],n_[AlI],err_AlI,SiI,e_SiI,n_SiI,[SiI],e_[SiI],n_[SiI],err_SiI,SI,e_SI,n_SI,[SI],e_[SI],n_[SI],err_SI,CaI,e_CaI,n_CaI,[CaI],e_[CaI],n_[CaI],err_CaI,ScI,e_ScI,n_ScI,[ScI],e_[ScI],n_[ScI],err_ScI,ScII,e_ScII,n_ScII,[ScII],e_[ScII],n_[ScII],err_ScII,TiI,e_TiI,n_TiI,[TiI],e_[TiI],n_[TiI],err_TiI,TiII,e_TiII,n_TiII,[TiII],e_[TiII],n_[TiII],err_TiII,VI,e_VI,n_VI,[VI],e_[VI],n_[VI],err_VI,CrI,e_CrI,n_CrI,[CrI],e_[CrI],n_[CrI],err_CrI,CrII,e_CrII,n_CrII,[CrII],e_[CrII],n_[CrII],err_CrII,MnI,e_MnI,n_MnI,[MnI],e_[MnI],n_[MnI],err_MnI,CoI,e_CoI,n_CoI,[CoI],e_[CoI],n_[CoI],err_CoI,NiI,e_NiI,n_NiI,[NiI],e_[NiI],n_[NiI],err_NiI,CuI,e_CuI,n_CuI,[CuI],e_[CuI],n_[CuI],err_CuI,ZnI,e_ZnI,n_ZnI,[ZnI],e_[ZnI],n_[ZnI],err_ZnI,CH,e_CH,n_CH,[CH],e_[CH],n_[CH],err_CH,SrI,e_SrI,n_SrI,[SrI],e_[SrI],n_[SrI],err_SrI,YII,e_YII,n_YII,[YII],e_[YII],n_[YII],err_YII,ZrII,e_ZrII,n_ZrII,[ZrII],e_[ZrII],n_[ZrII],err_ZrII,BaII,e_BaII,n_BaII,[BaII],e_[BaII],n_[BaII],err_BaII,LaII,e_LaII,n_LaII,[LaII],e_[LaII],n_[LaII],err_LaII,CeII,e_CeII,n_CeII,[CeII],e_[CeII],n_[CeII],err_CeII,PrII,e_PrII,n_PrII,[PrII],e_[PrII],n_[PrII],err_PrII,NdII,e_NdII,n_NdII,[NdII],e_[NdII],n_[NdII],err_NdII,SmII,e_SmII,n_SmII,[SmII],e_[SmII],n_[SmII],err_SmII,EuII,e_EuII,n_EuII,[EuII],e_[EuII],n_[EuII],err_EuII,GdII,e_GdII,n_GdII,[GdII],e_[GdII],n_[GdII],err_GdII,DyII,e_DyII,n_DyII,[DyII],e_[DyII],n_[DyII],err_DyII
HIP10175,-0.028,0.002,8.269,0.038,3,-0.083,0.009,3,0.007,8.68,0.018,3,-0.004,0.012,3,0.009,6.21,0.063,4,-0.079,0.038,4,0.022,7.542,0.059,5,-0.034,0.014,5,0.007,6.293,0.008,2,-0.062,0.007,2,0.008,7.439,0.047,14,-0.038,0.012,14,0.003,7.045,0.046,4,-0.026,0.02,4,0.012,6.281,0.036,11,-0.005,0.013,11,0.005,3.063,0.028,4,-0.047,0.021,4,0.013,3.011,0.02,6,-0.047,0.015,6,0.008,4.909,0.052,18,-0.005,0.017,18,0.005,4.958,0.043,12,-0.027,0.01,12,0.005,3.831,0.046,9,-0.03,0.007,9,0.004,5.587,0.046,14,-0.015,0.014,14,0.005,5.602,0.082,5,-0.024,0.013,5,0.007,5.197,0.11,8,-0.057,0.011,8,0.005,4.863,0.093,9,-0.056,0.009,9,0.004,6.158,0.043,18,-0.069,0.009,18,0.003,4.049,0.067,3,-0.084,0.018,3,0.013,4.527,0.098,3,-0.076,0.008,3,0.006,8.317,0.023,4,-0.076,0.009,4,0.006,2.713,0.002,5,0.053,0.002,5,0.005,2.208,0.067,5,0.038,0.008,5,0.007,2.676,0.062,3,0.059,0.015,3,0.012,2.232,0.025,3,0.088,0.003,3,0.005,1.279,0.066,2,0.09,0.029,2,0.029,1.664,0.128,7,0.076,0.039,7,0.016,0.713,0.012,5,0.142,0.012,5,0.008,1.454,0.034,4,0.099,0.015,4,0.01,1.058,0.045,3,0.029,0.017,3,0.013,0.688,0.021,5,0.061,0.006,5,0.005,1.292,0.007,5,0.052,0.005,5,0.005,1.163,0.07,2,0.037,0.003,2,0.005
HIP101905,0.088,0.004,8.299,0.027,3,-0.052,0.005,3,0.009,8.704,0.01,3,0.019,0.016,3,0.014,6.284,0.099,4,-0.005,0.021,4,0.012,7.638,0.056,5,0.062,0.014,5,0.008,6.408,0.016,2,0.054,0.001,2,0.002,7.54,0.047,14,0.063,0.012,14,0.004,7.055,0.062,4,-0.016,0.046,4,0.027,6.397,0.031,11,0.112,0.01,11,0.005,3.192,0.033,4,0.082,0.015,4,0.01,3.135,0.01,6,0.077,0.006,6,0.007,5.017,0.055,18,0.103,0.015,18,0.006,5.077,0.045,12,0.092,0.009,12,0.007,3.954,0.038,9,0.093,0.023,9,0.009,5.688,0.043,14,0.086,0.009,14,0.005,5.707,0.077,5,0.082,0.017,5,0.011,5.295,0.108,8,0.042,0.012,8,0.006,4.968,0.097,9,0.05,0.009,9,0.005,6.277,0.045,18,0.05,0.013,18,0.005,4.136,0.047,3,0.003,0.044,3,0.031,4.595,0.112,3,-0.009,0.022,3,0.016,8.379,0.067,4,-0.015,0.037,4,0.022,2.845,0.002,5,0.185,0.001,5,0.006,2.339,0.061,5,0.169,0.015,5,0.011,2.79,0.037,3,0.173,0.011,3,0.01,2.372,0.032,3,0.228,0.012,3,0.01,1.379,0.065,2,0.19,0.03,2,0.031,1.795,0.107,7,0.207,0.025,7,0.012,0.753,0.025,5,0.182,0.025,5,0.014,1.575,0.035,4,0.219,0.013,4,0.01,1.171,0.008,3,0.142,0.028,3,0.021,0.791,0.017,5,0.164,0.024,5,0.014,1.377,0.007,5,0.137,0.004,5,0.006,1.28,0.133,2,0.154,0.066,2,0.066
HIP102040,-0.08,0.003,8.26,0.094,3,-0.092,0.072,3,0.051,8.626,0.01,3,-0.058,0.005,3,0.006,6.138,0.084,4,-0.151,0.014,4,0.008,7.498,0.054,5,-0.078,0.004,5,0.003,6.254,0.023,2,-0.101,0.008,2,0.008,7.393,0.052,14,-0.084,0.016,14,0.005,6.926,0.073,4,-0.145,0.024,4,0.014,6.239,0.025,11,-0.046,0.01,11,0.005,3.027,0.035,4,-0.083,0.014,4,0.009,3.003,0.062,6,-0.055,0.058,6,0.026,4.87,0.047,18,-0.045,0.011,18,0.005,4.93,0.047,12,-0.055,0.014,12,0.006,3.781,0.036,9,-0.08,0.014,9,0.006,5.513,0.039,14,-0.088,0.01,14,0.004,5.539,0.074,5,-0.087,0.022,5,0.012,5.111,0.109,8,-0.143,0.008,8,0.005,4.825,0.086,9,-0.093,0.018,9,0.007,6.109,0.042,18,-0.118,0.014,18,0.004,3.987,0.041,3,-0.146,0.048,3,0.034,4.446,0.114,3,-0.157,0.028,3,0.02,8.228,0.038,4,-0.166,0.009,4,0.006,2.642,0.002,5,-0.018,0.003,5,0.005,2.144,0.058,5,-0.026,0.007,5,0.007,2.618,0.039,3,0.001,0.014,3,0.011,2.192,0.027,3,0.048,0.016,3,0.012,1.228,0.078,2,0.038,0.017,2,0.018,1.657,0.094,7,0.069,0.037,7,0.016,0.649,0.018,5,0.078,0.018,5,0.01,1.441,0.043,4,0.085,0.015,4,0.011,1.061,0.033,3,0.033,0.031,3,0.023,0.693,0.015,5,0.066,0.032,5,0.017,1.254,0.005,5,0.014,0.002,5,0.006,1.155,0.095,2,0.028,0.027,2,0.028
HIP102152,-0.016,0.003,8.351,0.038,3,-0.001,0.01,3,0.008,8.72,0.015,3,0.035,0.012,3,0.01,6.245,0.07,4,-0.044,0.023,4,0.014,7.591,0.057,5,0.015,0.02,5,0.01,6.365,0.019,2,0.01,0.004,2,0.004,7.465,0.05,14,-0.013,0.01,14,0.003,7.044,0.089,4,-0.028,0.038,4,0.022,6.275,0.029,11,-0.01,0.012,11,0.005,3.079,0.044,4,-0.032,0.018,4,0.011,3.047,0.012,6,-0.012,0.008,6,0.005,4.907,0.045,18,-0.007,0.012,18,0.005,4.968,0.047,12,-0.017,0.014,12,0.006,3.836,0.043,9,-0.025,0.012,9,0.006,5.581,0.047,14,-0.021,0.009,14,0.004,5.609,0.072,5,-0.017,0.015,5,0.009,5.211,0.103,8,-0.043,0.009,8,0.005,4.884,0.085,9,-0.034,0.02,9,0.008,6.194,0.039,18,-0.033,0.011,18,0.004,4.119,0.085,3,-0.014,0.002,3,0.004,4.592,0.108,3,-0.012,0.014,3,0.011,8.36,0.033,4,-0.033,0.009,4,0.006,2.534,0.003,5,-0.126,0.004,5,0.005,2.05,0.069,5,-0.12,0.01,5,0.007,2.507,0.053,3,-0.11,0.016,3,0.012,2.079,0.038,3,-0.065,0.011,3,0.009,1.111,0.077,2,-0.078,0.018,2,0.019,1.549,0.122,7,-0.039,0.029,7,0.013,0.555,0.034,5,-0.016,0.034,5,0.017,1.341,0.032,4,-0.015,0.014,4,0.009,1.028,0.032,3,-0.001,0.013,3,0.01,0.634,0.017,5,0.007,0.036,5,0.019,1.252,0.007,5,0.012,0.005,5,0.005,1.079,0.041,2,-0.047,0.026,2,0.027
HIP10303,0.104,0.003,8.427,0.028,3,0.076,0.003,3,0.004,8.765,0.011,3,0.081,0.009,3,0.007,6.391,0.062,4,0.102,0.02,4,0.012,7.697,0.063,5,0.121,0.008,5,0.005,6.492,0.019,2,0.137,0.004,2,0.004,7.586,0.045,14,0.108,0.008,14,0.002,7.151,0.074,4,0.08,0.024,4,0.014,6.394,0.032,11,0.109,0.005,11,0.003,3.208,0.032,4,0.098,0.016,4,0.01,3.187,0.012,6,0.128,0.011,6,0.006,5.032,0.05,18,0.117,0.014,18,0.005,5.096,0.043,12,0.111,0.016,12,0.006,3.98,0.052,9,0.119,0.014,9,0.006,5.712,0.054,14,0.111,0.016,14,0.005,5.738,0.075,5,0.112,0.012,5,0.007,5.377,0.1,8,0.123,0.009,8,0.004,5.022,0.085,9,0.104,0.014,9,0.005,6.352,0.046,18,0.124,0.013,18,0.004,4.251,0.114,3,0.118,0.03,3,0.021,4.711,0.12,3,0.108,0.028,3,0.02,8.457,0.027,4,0.063,0.005,4,0.003,2.796,0.001,5,0.136,0,5,0.005,2.293,0.068,5,0.123,0.006,5,0.006,2.725,0.065,3,0.108,0.019,3,0.014,2.229,0.03,3,0.084,0.009,3,0.008,1.262,0.099,2,0.073,0.004,2,0.006,1.664,0.138,7,0.076,0.035,7,0.015,0.683,0.022,5,0.112,0.022,5,0.012,1.445,0.038,4,0.09,0.008,4,0.007,1.122,0.056,3,0.093,0.022,3,0.016,0.742,0.013,5,0.115,0.024,5,0.013,1.375,0.006,5,0.134,0.003,5,0.005,1.225,0.047,2,0.099,0.02,2,0.021
HIP104045,0.051,0.003,8.361,0.038,3,0.009,0.011,3,0.008,8.719,0.002,3,0.035,0.009,3,0.008,6.315,0.069,4,0.026,0.016,4,0.009,7.616,0.059,5,0.04,0.006,5,0.004,6.393,0.019,2,0.038,0.004,2,0.004,7.522,0.047,14,0.045,0.008,14,0.002,7.115,0.087,4,0.044,0.049,4,0.028,6.345,0.031,11,0.059,0.011,11,0.005,3.137,0.035,4,0.026,0.02,4,0.012,3.109,0.019,6,0.051,0.013,6,0.007,4.962,0.047,18,0.048,0.016,18,0.005,5.025,0.04,12,0.04,0.012,12,0.006,3.903,0.043,9,0.042,0.012,9,0.005,5.65,0.047,14,0.048,0.009,14,0.004,5.684,0.076,5,0.058,0.01,5,0.006,5.299,0.103,8,0.045,0.006,8,0.004,4.955,0.097,9,0.037,0.01,9,0.004,6.275,0.043,18,0.048,0.008,18,0.003,4.164,0.077,3,0.031,0.008,3,0.006,4.625,0.105,3,0.022,0.014,3,0.01,8.401,0.039,4,0.008,0.011,4,0.007,2.73,0.001,5,0.069,0.001,5,0.005,2.236,0.06,5,0.066,0.01,5,0.008,2.689,0.047,3,0.072,0.006,3,0.006,2.205,0.021,3,0.061,0.008,3,0.008,1.204,0.07,2,0.014,0.025,2,0.026,1.653,0.121,7,0.065,0.019,7,0.009,0.66,0.035,5,0.089,0.035,5,0.018,1.437,0.05,4,0.082,0.021,4,0.013,1.059,0.03,3,0.031,0.018,3,0.013,0.756,0.024,5,0.129,0.013,5,0.008,1.382,0.044,5,0.142,0.044,5,0.023,1.196,0.062,2,0.07,0.005,2,0.007
HIP105184,0.003,0.004,8.26,0.029,3,-0.091,0,3,0.01,8.682,0.01,3,-0.002,0.01,3,0.013,6.23,0.085,4,-0.06,0.021,4,0.013,7.57,0.056,5,-0.006,0.015,5,0.009,6.32,0.028,2,-0.035,0.013,2,0.013,7.466,0.049,14,-0.011,0.012,14,0.004,7.027,0.067,4,-0.044,0.022,4,0.016,6.327,0.031,11,0.042,0.01,11,0.005,3.117,0.04,4,0.006,0.016,4,0.01,3.038,0.008,6,-0.02,0.007,6,0.007,4.948,0.052,18,0.034,0.012,18,0.006,4.995,0.047,12,0.01,0.007,12,0.007,3.869,0.043,9,0.008,0.014,9,0.008,5.615,0.041,14,0.014,0.013,14,0.006,5.638,0.082,5,0.012,0.019,5,0.012,5.203,0.105,8,-0.05,0.005,8,0.005,4.882,0.102,9,-0.036,0.008,9,0.005,6.176,0.044,18,-0.051,0.014,18,0.005,4.053,0.049,3,-0.081,0.04,3,0.028,4.527,0.102,3,-0.076,0.017,3,0.013,8.316,0.047,4,-0.078,0.017,4,0.011,2.776,0.001,5,0.116,0.001,5,0.007,2.27,0.064,5,0.1,0.01,5,0.008,2.731,0.049,3,0.114,0.01,3,0.01,2.343,0.025,3,0.198,0.007,3,0.007,1.339,0.073,2,0.15,0.022,2,0.023,1.775,0.113,7,0.187,0.025,7,0.012,0.728,0.02,5,0.157,0.02,5,0.012,1.545,0.039,4,0.19,0.015,4,0.01,1.126,0.02,3,0.098,0.042,3,0.031,0.722,0.022,5,0.095,0.007,5,0.007,1.311,0.006,5,0.071,0.003,5,0.006,1.244,0.128,2,0.118,0.06,2,0.06
HIP108158,0.055,0.003,8.507,0.027,3,0.156,0.002,3,0.005,8.882,0.019,3,0.198,0.013,3,0.011,6.377,0.069,4,0.088,0.013,4,0.008,7.769,0.064,5,0.193,0.021,5,0.011,6.564,0.027,2,0.21,0.012,2,0.012,7.596,0.047,14,0.118,0.008,14,0.002,7.223,0.082,4,0.151,0.037,4,0.022,6.387,0.036,11,0.102,0.008,11,0.005,3.249,0.031,4,0.138,0.017,4,0.01,3.22,0.012,6,0.161,0.014,6,0.008,5.074,0.054,18,0.16,0.014,18,0.006,5.144,0.05,12,0.159,0.014,12,0.006,3.994,0.058,9,0.133,0.018,9,0.008,5.672,0.05,14,0.07,0.011,14,0.005,5.7,0.08,5,0.074,0.031,5,0.016,5.287,0.11,8,0.033,0.007,8,0.004,5.046,0.094,9,0.128,0.009,9,0.004,6.309,0.048,18,0.082,0.016,18,0.005,4.297,0.113,3,0.164,0.036,3,0.026,4.794,0.111,3,0.191,0.023,3,0.017,8.492,0.032,4,0.098,0.013,4,0.008,2.636,0.001,5,-0.024,0.001,5,0.006,2.143,0.079,5,-0.027,0.018,5,0.011,2.603,0.074,3,-0.014,0.027,3,0.02,2.147,0.033,3,0.003,0.006,3,0.007,1.199,0.099,2,0.01,0.004,2,0.006,1.621,0.157,7,0.033,0.043,7,0.018,0.734,0.024,5,0.163,0.024,5,0.013,1.431,0.046,4,0.075,0.017,4,0.011,1.145,0.031,3,0.116,0.019,3,0.014,0.779,0.018,5,0.152,0.01,5,0.007,1.373,0.003,5,0.132,0.005,5,0.006,1.288,0.06,2,0.162,0.007,2,0.009
HIP108468,-0.096,0.004,8.266,0.022,3,-0.086,0.015,3,0.011,8.643,0.006,3,-0.041,0.009,3,0.008,6.148,0.075,4,-0.141,0.014,4,0.008,7.517,0.05,5,-0.059,0.019,5,0.01,6.293,0.019,2,-0.062,0.004,2,0.004,7.388,0.045,14,-0.089,0.006,14,0.002,6.963,0.071,4,-0.108,0.021,4,0.012,6.207,0.025,11,-0.078,0.01,11,0.005,3.01,0.038,4,-0.101,0.01,4,0.007,2.98,0.015,6,-0.079,0.012,6,0.007,4.833,0.046,18,-0.081,0.011,18,0.005,4.91,0.046,12,-0.075,0.014,12,0.006,3.756,0.038,9,-0.105,0.014,9,0.006,5.491,0.044,14,-0.111,0.009,14,0.004,5.535,0.077,5,-0.091,0.016,5,0.009,5.104,0.105,8,-0.149,0.01,8,0.005,4.81,0.095,9,-0.108,0.008,9,0.004,6.102,0.041,18,-0.125,0.012,18,0.004,4.016,0.051,3,-0.118,0.034,3,0.024,4.474,0.094,3,-0.13,0.012,3,0.009,8.277,0.032,4,-0.116,0.006,4,0.005,2.448,0.003,5,-0.212,0.002,5,0.004,1.953,0.065,5,-0.217,0.005,5,0.006,2.447,0.044,3,-0.17,0.02,3,0.015,2.023,0.032,3,-0.121,0.013,3,0.011,1.083,0.08,2,-0.106,0.015,2,0.016,1.507,0.092,7,-0.081,0.039,7,0.017,0.577,0.017,5,0.006,0.017,5,0.01,1.315,0.037,4,-0.041,0.006,4,0.006,0.97,0.019,3,-0.058,0.024,3,0.018,0.605,0.01,5,-0.022,0.022,5,0.012,1.195,0.004,5,-0.045,0.005,5,0.006,1.109,0.083,2,-0.017,0.015,2,0.016
HIP109821,-0.108,0.004,8.341,0.058,3,-0.011,0.034,3,0.024,8.7,0.011,3,0.015,0.018,3,0.013,6.143,0.077,4,-0.147,0.019,4,0.011,7.55,0.062,5,-0.026,0.011,5,0.007,6.345,0.019,2,-0.01,0.004,2,0.004,7.404,0.043,14,-0.073,0.012,14,0.004,6.996,0.058,4,-0.075,0.024,4,0.014,6.224,0.028,11,-0.061,0.006,11,0.005,3.031,0.031,4,-0.08,0.019,4,0.012,3.015,0.012,6,-0.044,0.01,6,0.006,4.879,0.049,18,-0.035,0.013,18,0.006,4.953,0.045,12,-0.032,0.013,12,0.006,3.769,0.045,9,-0.092,0.009,9,0.006,5.478,0.042,14,-0.124,0.01,14,0.005,5.523,0.07,5,-0.103,0.007,5,0.005,5.067,0.105,8,-0.186,0.008,8,0.005,4.818,0.092,9,-0.1,0.005,9,0.004,6.091,0.041,18,-0.136,0.009,18,0.004,4.036,0.069,3,-0.097,0.016,3,0.012,4.507,0.097,3,-0.097,0.005,3,0.005,8.271,0.028,4,-0.122,0.003,4,0.004,2.463,0.001,5,-0.198,0.002,5,0.005,1.97,0.066,5,-0.2,0.007,5,0.007,2.467,0.049,3,-0.15,0.011,3,0.009,2.015,0.02,3,-0.129,0.009,3,0.007,1.101,0.102,2,-0.088,0.007,2,0.009,1.524,0.11,7,-0.064,0.03,7,0.013,0.568,0.021,5,-0.003,0.021,5,0.012,1.333,0.027,4,-0.023,0.008,4,0.007,1.007,0.021,3,-0.022,0.018,3,0.014,0.603,0.012,5,-0.024,0.03,5,0.016,1.219,0.003,5,-0.021,0.002,5,0.005,1.131,0.078,2,0.004,0.01,2,0.011
HIP114328,-0.017,0.004,8.418,0.044,3,0.066,0.029,3,0.021,,,,,,, ,6.307,0.079,4,0.017,0.004,4,0.003,7.588,0.062,5,0.012,0.016,5,0.009,6.374,0.016,2,0.019,0.001,2,0.002,7.484,0.052,14,0.007,0.015,14,0.004,7.129,0.061,4,0.058,0.022,4,0.013,6.278,0.03,11,-0.007,0.009,11,0.005,3.14,0.05,4,0.029,0.003,4,0.004,3.063,0.018,6,0.005,0.02,6,0.01,4.91,0.047,18,-0.004,0.014,18,0.005,4.982,0.048,12,-0.002,0.01,12,0.006,3.857,0.045,9,-0.004,0.009,9,0.005,5.587,0.046,14,-0.015,0.009,14,0.005,5.633,0.082,5,0.007,0.018,5,0.01,5.242,0.106,8,-0.011,0.007,8,0.004,4.921,0.093,9,0.003,0.016,9,0.006,6.217,0.043,18,-0.01,0.007,18,0.003,4.164,0.085,3,0.031,0.001,3,0.003,4.61,0.079,3,0.007,0.016,3,0.011,8.408,0.034,4,0.014,0.009,4,0.006,2.589,0.001,5,-0.071,0.001,5,0.005,2.092,0.061,5,-0.078,0.014,5,0.009,2.537,0.062,3,-0.08,0.016,3,0.012,2.084,0.022,3,-0.06,0.006,3,0.006,1.171,0.106,2,-0.019,0.011,2,0.012,1.566,0.125,7,-0.022,0.034,7,0.015,0.605,0.022,5,0.034,0.022,5,0.012,1.348,0.033,4,-0.008,0.025,4,0.015,1.005,0.022,3,-0.024,0.014,3,0.011,0.683,0.009,5,0.056,0.029,5,0.015,1.209,0.003,5,-0.031,0.002,5,0.006,1.17,0.079,2,0.044,0.012,2,0.013
HIP114615,-0.063,0.004,8.259,0.02,3,-0.092,0.016,3,0.012,8.659,0.01,3,-0.025,0.008,3,0.009,6.188,0.069,4,-0.102,0.026,4,0.015,7.512,0.051,5,-0.064,0.023,5,0.012,6.271,0.027,2,-0.084,0.012,2,0.012,7.409,0.048,14,-0.068,0.009,14,0.003,7.027,0.082,4,-0.044,0.048,4,0.028,6.241,0.032,11,-0.044,0.012,11,0.006,3.043,0.043,4,-0.068,0.02,4,0.013,2.984,0.021,6,-0.075,0.016,6,0.009,4.866,0.04,18,-0.048,0.019,18,0.007,4.927,0.044,12,-0.058,0.015,12,0.006,3.796,0.04,9,-0.066,0.013,9,0.007,5.541,0.039,14,-0.061,0.018,14,0.007,5.58,0.074,5,-0.046,0.01,5,0.007,5.155,0.104,8,-0.099,0.008,8,0.005,4.832,0.095,9,-0.086,0.015,9,0.007,6.123,0.047,18,-0.105,0.017,18,0.005,4.014,0.043,3,-0.12,0.046,3,0.033,4.513,0.113,3,-0.09,0.02,3,0.014,8.307,0.034,4,-0.087,0.006,4,0.006,2.656,0.001,5,-0.005,0.001,5,0.006,2.154,0.054,5,-0.016,0.012,5,0.008,2.627,0.042,3,0.01,0.011,3,0.009,2.206,0.017,3,0.061,0.012,3,0.01,1.294,0.093,2,0.105,0.002,2,0.004,1.657,0.115,7,0.069,0.031,7,0.013,0.647,0.046,5,0.076,0.046,5,0.023,1.44,0.048,4,0.085,0.017,4,0.011,1.028,0.039,3,-0.001,0.033,3,0.024,0.665,0.027,5,0.038,0.016,5,0.009,1.225,0.023,5,-0.015,0.02,5,0.011,1.167,0.094,2,0.04,0.026,2,0.026
HIP115577,0.013,0.003,8.485,0.036,3,0.133,0.011,3,0.009,8.826,0.017,3,0.141,0.01,3,0.009,6.348,0.066,4,0.059,0.016,4,0.01,7.741,0.062,5,0.165,0.023,5,0.012,6.54,0.025,2,0.185,0.01,2,0.01,7.561,0.045,14,0.084,0.008,14,0.002,7.182,0.064,4,0.111,0.026,4,0.015,6.353,0.031,11,0.068,0.008,11,0.004,3.197,0.028,4,0.087,0.021,4,0.013,3.181,0.014,6,0.123,0.015,6,0.008,5.038,0.05,18,0.124,0.011,18,0.005,5.109,0.042,12,0.125,0.014,12,0.006,3.944,0.05,9,0.083,0.01,9,0.005,5.625,0.05,14,0.023,0.01,14,0.005,5.654,0.071,5,0.029,0.011,5,0.007,5.226,0.105,8,-0.027,0.007,8,0.005,4.99,0.092,9,0.071,0.007,9,0.004,6.257,0.044,18,0.03,0.013,18,0.004,4.248,0.107,3,0.115,0.03,3,0.021,4.741,0.11,3,0.138,0.021,3,0.015,8.444,0.032,4,0.051,0.006,4,0.004,2.601,0.001,5,-0.059,0.003,5,0.005,2.098,0.071,5,-0.072,0.012,5,0.008,2.57,0.06,3,-0.047,0.014,3,0.011,2.106,0.028,3,-0.039,0.001,3,0.004,1.181,0.115,2,-0.008,0.02,2,0.02,1.6,0.139,7,0.012,0.034,7,0.014,0.701,0.014,5,0.13,0.014,5,0.008,1.396,0.033,4,0.04,0.007,4,0.006,1.094,0.036,3,0.066,0.007,3,0.006,0.729,0.013,5,0.102,0.012,5,0.007,1.345,0.005,5,0.105,0.003,5,0.005,1.211,0.056,2,0.085,0.012,2,0.012
HIP116906,-0.005,0.003,8.367,0.033,3,0.015,0.011,3,0.008,8.732,0.022,3,0.048,0.016,3,0.012,6.313,0.067,4,0.023,0.018,4,0.01,7.633,0.061,5,0.057,0.014,5,0.007,6.407,0.027,2,0.052,0.012,2,0.012,7.501,0.043,14,0.024,0.008,14,0.002,7.063,0.054,4,-0.008,0.016,4,0.01,6.301,0.033,11,0.015,0.007,11,0.004,3.146,0.04,4,0.035,0.014,4,0.009,3.102,0.012,6,0.044,0.012,6,0.007,4.942,0.046,18,0.028,0.007,18,0.004,5.018,0.047,12,0.033,0.01,12,0.005,3.88,0.044,9,0.019,0.006,9,0.004,5.603,0.047,14,0.001,0.011,14,0.004,5.638,0.083,5,0.013,0.015,5,0.009,5.237,0.105,8,-0.017,0.008,8,0.004,4.952,0.092,9,0.034,0.012,9,0.005,6.232,0.041,18,0.005,0.006,18,0.003,4.186,0.083,3,0.053,0.002,3,0.003,4.621,0.093,3,0.017,0.006,3,0.005,8.384,0.04,4,-0.01,0.018,4,0.011,2.608,0.001,5,-0.052,0.003,5,0.004,2.096,0.066,5,-0.074,0.009,5,0.007,2.567,0.048,3,-0.05,0.009,3,0.008,2.109,0.031,3,-0.036,0.004,3,0.006,1.216,0.073,2,0.027,0.022,2,0.022,1.616,0.107,7,0.028,0.037,7,0.015,0.672,0.016,5,0.101,0.016,5,0.009,1.415,0.056,4,0.06,0.029,4,0.017,1.1,0.012,3,0.071,0.03,3,0.021,0.679,0.013,5,0.052,0.01,5,0.006,1.286,0.003,5,0.046,0.004,5,0.005,1.252,0.085,2,0.126,0.017,2,0.018
HIP117367,0.024,0.003,8.4,0.031,3,0.049,0.003,3,0.004,8.747,0.016,3,0.063,0.016,3,0.012,6.356,0.064,4,0.066,0.019,4,0.011,7.632,0.058,5,0.056,0.014,5,0.007,6.402,0.029,2,0.048,0.013,2,0.013,7.523,0.051,14,0.046,0.013,14,0.004,7.109,0.085,4,0.038,0.031,4,0.018,6.31,0.027,11,0.025,0.007,11,0.004,3.148,0.047,4,0.038,0.01,4,0.006,3.116,0.016,6,0.058,0.015,6,0.008,4.941,0.053,18,0.026,0.015,18,0.005,5.02,0.044,12,0.036,0.009,12,0.005,3.888,0.039,9,0.027,0.011,9,0.005,5.62,0.04,14,0.018,0.01,14,0.004,5.654,0.073,5,0.028,0.013,5,0.007,5.28,0.106,8,0.027,0.005,8,0.003,4.969,0.085,9,0.05,0.011,9,0.005,6.264,0.042,18,0.037,0.009,18,0.003,4.198,0.071,3,0.065,0.013,3,0.01,4.648,0.097,3,0.044,0.004,3,0.004,8.422,0.042,4,0.029,0.012,4,0.008,2.639,0.002,5,-0.021,0.003,5,0.004,2.141,0.06,5,-0.029,0.011,5,0.007,2.595,0.053,3,-0.022,0.008,3,0.007,2.137,0.028,3,-0.007,0.01,3,0.008,1.2,0.106,2,0.011,0.011,2,0.012,1.596,0.108,7,0.009,0.026,7,0.011,0.671,0.017,5,0.1,0.017,5,0.01,1.385,0.034,4,0.029,0.006,4,0.006,1.052,0.024,3,0.023,0.013,3,0.011,0.724,0.01,5,0.097,0.021,5,0.011,1.266,0.003,5,0.025,0.004,5,0.005,1.183,0.061,2,0.057,0.006,2,0.008
HIP118115,-0.036,0.003,8.334,0.036,3,-0.018,0.007,3,0.006,8.724,0.011,3,0.039,0.006,3,0.006,6.201,0.086,4,-0.088,0.017,4,0.01,7.588,0.063,5,0.012,0.011,5,0.006,6.37,0.023,2,0.016,0.008,2,0.008,7.454,0.047,14,-0.023,0.01,14,0.003,7.043,0.072,4,-0.029,0.021,4,0.012,6.28,0.026,11,-0.005,0.01,11,0.005,3.092,0.045,4,-0.018,0.021,4,0.012,3.073,0.034,6,0.014,0.03,6,0.014,4.915,0.049,18,0.001,0.011,18,0.005,4.989,0.044,12,0.004,0.011,12,0.006,3.823,0.039,9,-0.038,0.01,9,0.006,5.556,0.044,14,-0.046,0.008,14,0.004,5.59,0.076,5,-0.035,0.011,5,0.007,5.152,0.108,8,-0.102,0.009,8,0.005,4.868,0.092,9,-0.05,0.011,9,0.005,6.158,0.04,18,-0.069,0.009,18,0.004,4.1,0.075,3,-0.034,0.01,3,0.007,4.56,0.102,3,-0.044,0.013,3,0.01,8.342,0.038,4,-0.051,0.01,4,0.007,2.511,0.001,5,-0.149,0.002,5,0.005,2.023,0.06,5,-0.147,0.006,5,0.006,2.507,0.052,3,-0.11,0.006,3,0.006,2.082,0.03,3,-0.062,0.005,3,0.006,1.147,0.101,2,-0.042,0.006,2,0.007,1.564,0.102,7,-0.023,0.031,7,0.014,0.619,0.019,5,0.048,0.019,5,0.011,1.378,0.028,4,0.023,0.006,4,0.006,1.034,0.014,3,0.005,0.031,3,0.022,0.696,0.019,5,0.069,0.012,5,0.007,1.235,0.003,5,-0.005,0.003,5,0.005,1.143,0.062,2,0.017,0.005,2,0.007
HIP11915,-0.067,0.004,8.254,0.029,3,-0.098,0.006,3,0.005,8.633,0.017,3,-0.052,0.012,3,0.009,6.181,0.069,4,-0.108,0.02,4,0.012,7.504,0.052,5,-0.072,0.015,5,0.008,6.258,0.017,2,-0.097,0.002,2,0.002,7.399,0.046,14,-0.079,0.01,14,0.003,7.016,0.087,4,-0.056,0.043,4,0.025,6.234,0.032,11,-0.051,0.008,11,0.004,3.031,0.048,4,-0.08,0.01,4,0.007,2.955,0.013,6,-0.103,0.008,6,0.006,4.856,0.047,18,-0.059,0.013,18,0.005,4.908,0.044,12,-0.077,0.012,12,0.006,3.785,0.042,9,-0.076,0.007,9,0.005,5.541,0.045,14,-0.061,0.013,14,0.005,5.564,0.08,5,-0.061,0.01,5,0.006,5.16,0.107,8,-0.094,0.01,8,0.005,4.817,0.088,9,-0.101,0.013,9,0.006,6.123,0.041,18,-0.104,0.011,18,0.004,4.013,0.054,3,-0.12,0.03,3,0.022,4.485,0.105,3,-0.118,0.023,3,0.016,8.286,0.034,4,-0.107,0.003,4,0.004,2.649,0.002,5,-0.011,0.003,5,0.005,2.141,0.049,5,-0.029,0.017,5,0.01,2.619,0.049,3,0.002,0.011,3,0.009,2.158,0.029,3,0.014,0.005,3,0.006,1.224,0.074,2,0.035,0.021,2,0.022,1.627,0.105,7,0.039,0.027,7,0.012,0.646,0.018,5,0.075,0.018,5,0.011,1.407,0.023,4,0.052,0.008,4,0.007,1.05,0.028,3,0.021,0.038,3,0.027,0.691,0.022,5,0.064,0.016,5,0.009,1.218,0.005,5,-0.022,0.008,5,0.007,1.13,0.065,2,0.004,0.002,2,0.006
HIP14501,-0.153,0.003,8.358,0.02,3,0.007,0.013,3,0.011,8.728,0.028,3,0.044,0.023,3,0.017,6.197,0.067,4,-0.092,0.018,4,0.011,7.595,0.054,5,0.019,0.018,5,0.01,6.389,0.023,2,0.034,0.008,2,0.008,7.42,0.046,14,-0.057,0.01,14,0.003,7.036,0.067,4,-0.035,0.019,4,0.012,6.208,0.03,11,-0.077,0.007,11,0.004,3.056,0.031,4,-0.054,0.034,4,0.02,3.038,0.02,6,-0.021,0.018,6,0.009,4.901,0.047,18,-0.013,0.011,18,0.005,4.971,0.042,12,-0.013,0.01,12,0.006,3.79,0.05,9,-0.071,0.01,9,0.005,5.448,0.043,14,-0.154,0.008,14,0.004,5.483,0.072,5,-0.142,0.012,5,0.008,5.023,0.107,8,-0.231,0.011,8,0.005,4.845,0.089,9,-0.073,0.008,9,0.004,6.089,0.042,18,-0.139,0.008,18,0.003,4.07,0.079,3,-0.063,0.016,3,0.012,4.563,0.095,3,-0.041,0.004,3,0.004,8.264,0.027,4,-0.13,0.004,4,0.004,2.45,0.001,5,-0.21,0.003,5,0.005,1.942,0.055,5,-0.228,0.01,5,0.007,2.433,0.057,3,-0.184,0.013,3,0.011,1.948,0.029,3,-0.196,0.006,3,0.007,1.071,0.088,2,-0.118,0.007,2,0.008,1.462,0.113,7,-0.125,0.037,7,0.016,0.552,0.027,5,-0.019,0.027,5,0.014,1.278,0.035,4,-0.078,0.009,4,0.007,0.98,0.036,3,-0.049,0.019,3,0.014,0.62,0.015,5,-0.007,0.013,5,0.008,1.208,0.002,5,-0.032,0.004,5,0.006,1.109,0.073,2,-0.017,0.005,2,0.008
HIP14614,-0.109,0.004,8.211,0.029,3,-0.141,0.028,3,0.02,8.604,0.003,3,-0.081,0.005,3,0.005,6.159,0.065,4,-0.131,0.025,4,0.014,7.48,0.05,5,-0.096,0.017,5,0.009,6.239,0.019,2,-0.116,0.004,2,0.004,7.374,0.047,14,-0.103,0.012,14,0.004,6.965,0.08,4,-0.106,0.023,4,0.014,6.197,0.028,11,-0.088,0.009,11,0.005,3.012,0.044,4,-0.099,0.008,4,0.006,2.956,0.021,6,-0.102,0.017,6,0.009,4.827,0.046,18,-0.087,0.009,18,0.005,4.888,0.045,12,-0.096,0.013,12,0.006,3.746,0.043,9,-0.115,0.009,9,0.005,5.48,0.044,14,-0.122,0.009,14,0.004,5.52,0.078,5,-0.106,0.013,5,0.008,5.112,0.108,8,-0.141,0.013,8,0.006,4.795,0.085,9,-0.124,0.011,9,0.005,6.094,0.041,18,-0.134,0.011,18,0.004,3.993,0.057,3,-0.141,0.028,3,0.02,4.457,0.096,3,-0.146,0.013,3,0.009,8.232,0.026,4,-0.162,0.007,4,0.005,2.57,0,5,-0.09,0.001,5,0.005,2.079,0.055,5,-0.091,0.012,5,0.008,2.55,0.052,3,-0.067,0.007,3,0.008,2.091,0.03,3,-0.054,0.006,3,0.007,1.161,0.079,2,-0.028,0.016,2,0.018,1.569,0.101,7,-0.019,0.028,7,0.013,0.637,0.021,5,0.066,0.021,5,0.012,1.365,0.033,4,0.01,0.011,4,0.009,0.996,0.017,3,-0.032,0.024,3,0.018,0.667,0.029,5,0.04,0.041,5,0.021,1.212,0.005,5,-0.028,0.005,5,0.007,1.138,0.066,2,0.012,0.002,2,0.006
HIP15527,-0.064,0.003,8.299,0.035,3,-0.053,0.013,3,0.01,8.665,0.018,3,-0.019,0.012,3,0.01,6.156,0.081,4,-0.133,0.016,4,0.01,7.537,0.056,5,-0.039,0.013,5,0.007,6.319,0.018,2,-0.036,0.003,2,0.004,7.409,0.044,14,-0.068,0.007,14,0.002,7.01,0.076,4,-0.062,0.025,4,0.015,6.241,0.026,11,-0.044,0.009,11,0.005,3.029,0.043,4,-0.082,0.017,4,0.01,2.991,0.011,6,-0.068,0.011,6,0.007,4.871,0.048,18,-0.044,0.008,18,0.004,4.942,0.044,12,-0.043,0.008,12,0.005,3.789,0.044,9,-0.073,0.008,9,0.005,5.529,0.045,14,-0.073,0.011,14,0.005,5.565,0.077,5,-0.06,0.015,5,0.009,5.14,0.108,8,-0.113,0.008,8,0.005,4.819,0.094,9,-0.099,0.005,9,0.004,6.121,0.041,18,-0.106,0.009,18,0.004,4.028,0.068,3,-0.105,0.017,3,0.012,4.504,0.101,3,-0.099,0.017,3,0.012,8.299,0.028,4,-0.094,0.006,4,0.005,2.471,0.001,5,-0.189,0.001,5,0.005,1.985,0.066,5,-0.185,0.004,5,0.006,2.469,0.052,3,-0.148,0.007,3,0.007,2.047,0.036,3,-0.098,0.009,3,0.008,1.1,0.08,2,-0.089,0.015,2,0.016,1.512,0.109,7,-0.076,0.028,7,0.012,0.548,0.014,5,-0.023,0.014,5,0.008,1.313,0.032,4,-0.043,0.018,4,0.011,0.973,0.018,3,-0.056,0.018,3,0.013,0.6,0.009,5,-0.027,0.022,5,0.012,1.2,0.003,5,-0.04,0.004,5,0.006,1.075,0.085,2,-0.052,0.018,2,0.019
HIP18844,0.014,0.003,8.433,0.054,3,0.082,0.029,3,0.021,8.748,0.017,3,0.064,0.01,3,0.008,6.336,0.068,4,0.046,0.014,4,0.008,7.663,0.053,5,0.087,0.03,5,0.015,6.443,0.018,2,0.088,0.003,2,0.003,7.519,0.047,14,0.042,0.006,14,0.002,7.123,0.07,4,0.051,0.026,4,0.015,6.317,0.038,11,0.031,0.025,11,0.008,3.157,0.04,4,0.046,0.014,4,0.009,3.116,0.013,6,0.057,0.017,6,0.008,4.961,0.046,18,0.047,0.011,18,0.004,5.033,0.04,12,0.048,0.013,12,0.006,3.902,0.046,9,0.041,0.013,9,0.005,5.62,0.046,14,0.018,0.01,14,0.004,5.642,0.07,5,0.016,0.006,5,0.005,5.263,0.103,8,0.009,0.009,8,0.004,4.965,0.094,9,0.047,0.01,9,0.004,6.254,0.042,18,0.027,0.012,18,0.004,4.207,0.099,3,0.073,0.016,3,0.012,4.665,0.103,3,0.061,0.012,3,0.009,8.413,0.035,4,0.02,0.012,4,0.007,2.589,0.003,5,-0.071,0.003,5,0.004,2.107,0.071,5,-0.063,0.012,5,0.008,2.563,0.055,3,-0.054,0.01,3,0.008,2.109,0.032,3,-0.035,0.006,3,0.007,1.172,0.12,2,-0.017,0.025,2,0.025,1.571,0.13,7,-0.017,0.028,7,0.012,0.69,0.015,5,0.119,0.015,5,0.009,1.346,0.042,4,-0.01,0.017,4,0.011,1.04,0.058,3,0.011,0.027,3,0.02,0.643,0.024,5,0.016,0.005,5,0.005,1.261,0.003,5,0.021,0.004,5,0.005,1.108,0.082,2,-0.018,0.014,2,0.015
HIP1954,-0.09,0.003,8.221,0.019,3,-0.13,0.017,3,0.013,8.619,0.009,3,-0.065,0.011,3,0.008,6.187,0.082,4,-0.102,0.017,4,0.01,7.5,0.049,5,-0.076,0.018,5,0.009,6.256,0.022,2,-0.098,0.007,2,0.007,7.391,0.048,14,-0.086,0.011,14,0.003,6.986,0.059,4,-0.086,0.003,4,0.003,6.221,0.031,11,-0.064,0.005,11,0.003,3.015,0.034,4,-0.096,0.014,4,0.008,2.959,0.017,6,-0.099,0.012,6,0.006,4.852,0.05,18,-0.062,0.01,18,0.003,4.899,0.049,12,-0.086,0.014,12,0.005,3.775,0.047,9,-0.086,0.005,9,0.003,5.52,0.05,14,-0.082,0.016,14,0.005,5.541,0.076,5,-0.085,0.014,5,0.008,5.146,0.102,8,-0.107,0.005,8,0.003,4.81,0.093,9,-0.108,0.009,9,0.003,6.109,0.04,18,-0.118,0.008,18,0.003,4.024,0.072,3,-0.109,0.013,3,0.01,4.481,0.097,3,-0.122,0.007,3,0.006,8.256,0.023,4,-0.137,0.008,4,0.005,2.611,0.001,5,-0.049,0.002,5,0.004,2.114,0.064,5,-0.056,0.008,5,0.007,2.576,0.061,3,-0.041,0.018,3,0.013,2.106,0.026,3,-0.038,0.009,3,0.007,1.207,0.061,2,0.018,0.034,2,0.034,1.576,0.117,7,-0.012,0.026,7,0.011,0.665,0.02,5,0.094,0.02,5,0.011,1.354,0.047,4,-0.001,0.02,4,0.012,0.973,0.023,3,-0.056,0.016,3,0.012,0.563,0.013,5,-0.064,0.01,5,0.006,1.199,0.003,5,-0.041,0.005,5,0.005,1.087,0.069,2,-0.04,0.001,2,0.004
HIP22263,0.037,0.006,8.238,0.031,3,-0.113,0.002,3,0.008,8.678,0.004,3,-0.007,0.008,3,0.011,6.245,0.096,4,-0.044,0.022,4,0.013,7.572,0.05,5,-0.004,0.028,5,0.015,6.324,0.029,2,-0.031,0.013,2,0.013,7.478,0.046,14,0.001,0.009,14,0.003,6.986,0.049,4,-0.086,0.018,4,0.013,6.35,0.032,11,0.064,0.02,11,0.008,3.124,0.043,4,0.013,0.019,4,0.013,3.05,0.011,6,-0.008,0.01,6,0.008,4.958,0.054,18,0.044,0.016,18,0.008,5.01,0.046,12,0.025,0.008,12,0.006,3.891,0.045,9,0.029,0.018,9,0.01,5.648,0.041,14,0.046,0.012,14,0.007,5.674,0.078,5,0.048,0.019,5,0.011,5.248,0.103,8,-0.006,0.006,8,0.006,4.891,0.099,9,-0.028,0.01,9,0.006,6.2,0.047,18,-0.027,0.016,18,0.006,4.066,0.044,3,-0.067,0.047,3,0.034,4.55,0.112,3,-0.054,0.023,3,0.016,8.314,0.057,4,-0.079,0.027,4,0.017,2.822,0,5,0.162,0.001,5,0.008,2.32,0.058,5,0.15,0.02,5,0.012,2.764,0.043,3,0.147,0.007,3,0.008,2.394,0.032,3,0.25,0.008,3,0.008,1.354,0.056,2,0.165,0.039,2,0.039,1.778,0.112,7,0.19,0.029,7,0.013,0.74,0.016,5,0.169,0.016,5,0.01,1.552,0.043,4,0.196,0.018,4,0.012,1.136,0.019,3,0.107,0.038,3,0.028,0.732,0.009,5,0.105,0.02,5,0.012,1.289,0.023,5,0.049,0.02,5,0.012,1.24,0.151,2,0.114,0.084,2,0.084
HIP25670,0.054,0.003,8.326,0.022,3,-0.026,0.032,3,0.023,8.737,0.015,3,0.053,0.008,3,0.006,6.33,0.067,4,0.04,0.018,4,0.011,7.642,0.059,5,0.066,0.021,5,0.011,6.408,0.03,2,0.053,0.014,2,0.014,7.527,0.047,14,0.049,0.014,14,0.004,7.093,0.069,4,0.022,0.014,4,0.009,6.347,0.032,11,0.061,0.007,11,0.004,3.15,0.025,4,0.039,0.022,4,0.013,3.111,0.007,6,0.053,0.009,6,0.006,4.976,0.048,18,0.062,0.009,18,0.004,5.04,0.045,12,0.055,0.009,12,0.005,3.92,0.048,9,0.058,0.009,9,0.004,5.662,0.05,14,0.06,0.009,14,0.004,5.686,0.076,5,0.061,0.009,5,0.006,5.308,0.101,8,0.055,0.008,8,0.004,4.965,0.086,9,0.047,0.011,9,0.005,6.281,0.044,18,0.054,0.008,18,0.003,4.178,0.087,3,0.045,0.003,3,0.003,4.628,0.103,3,0.025,0.01,3,0.008,8.389,0.029,4,-0.005,0.002,4,0.003,2.766,0.001,5,0.106,0.002,5,0.005,2.247,0.061,5,0.077,0.008,5,0.007,2.697,0.052,3,0.08,0.007,3,0.007,2.202,0.029,3,0.058,0.014,3,0.01,1.233,0.104,2,0.044,0.009,2,0.01,1.646,0.125,7,0.058,0.036,7,0.015,0.685,0.015,5,0.114,0.015,5,0.009,1.429,0.045,4,0.074,0.016,4,0.011,1.087,0.033,3,0.058,0.002,3,0.005,0.723,0.015,5,0.096,0.017,5,0.01,1.317,0.003,5,0.077,0.003,5,0.005,1.193,0.059,2,0.067,0.008,2,0.009
HIP28066,-0.147,0.003,8.357,0.026,3,0.005,0.007,3,0.007,8.734,0.009,3,0.05,0.006,3,0.007,6.213,0.067,4,-0.076,0.019,4,0.011,7.622,0.055,5,0.046,0.034,5,0.017,6.421,0.018,2,0.067,0.002,2,0.003,7.439,0.048,14,-0.038,0.007,14,0.002,7.018,0.059,4,-0.053,0.028,4,0.017,6.229,0.032,11,-0.056,0.006,11,0.004,3.091,0.034,4,-0.02,0.037,4,0.021,3.063,0.022,6,0.005,0.02,6,0.01,4.93,0.047,18,0.016,0.012,18,0.005,4.992,0.043,12,0.008,0.014,12,0.006,3.816,0.047,9,-0.046,0.006,9,0.005,5.457,0.044,14,-0.145,0.011,14,0.005,5.48,0.077,5,-0.146,0.01,5,0.007,5.022,0.106,8,-0.231,0.011,8,0.005,4.869,0.091,9,-0.049,0.007,9,0.004,6.104,0.042,18,-0.124,0.01,18,0.003,4.083,0.087,3,-0.051,0.015,3,0.011,4.579,0.101,3,-0.024,0.007,3,0.006,8.264,0.027,4,-0.13,0.004,4,0.004,2.459,0.003,5,-0.201,0.002,5,0.005,1.947,0.056,5,-0.223,0.01,5,0.007,2.449,0.05,3,-0.168,0.008,3,0.007,1.961,0.028,3,-0.183,0.015,3,0.011,1.077,0.125,2,-0.113,0.03,2,0.03,1.473,0.117,7,-0.115,0.038,7,0.016,0.608,0.015,5,0.037,0.015,5,0.009,1.286,0.028,4,-0.069,0.006,4,0.006,0.992,0.037,3,-0.037,0.003,3,0.006,0.65,0.009,5,0.023,0.014,5,0.008,1.248,0.002,5,0.007,0.001,5,0.005,1.12,0.064,2,-0.006,0.004,2,0.006
HIP29432,-0.112,0.003,8.266,0.051,3,-0.085,0.027,3,0.019,8.607,0.019,3,-0.077,0.015,3,0.011,6.175,0.074,4,-0.114,0.017,4,0.01,7.468,0.056,5,-0.108,0.009,5,0.005,6.248,0.02,2,-0.107,0.004,2,0.004,7.372,0.045,14,-0.106,0.008,14,0.002,6.969,0.065,4,-0.102,0.013,4,0.008,6.186,0.028,11,-0.099,0.007,11,0.004,2.983,0.036,4,-0.128,0.012,4,0.008,2.946,0.031,6,-0.112,0.026,6,0.012,4.815,0.049,18,-0.1,0.009,18,0.004,4.869,0.043,12,-0.115,0.016,12,0.006,3.749,0.041,9,-0.113,0.009,9,0.005,5.487,0.047,14,-0.115,0.015,14,0.005,5.509,0.076,5,-0.116,0.009,5,0.006,5.126,0.105,8,-0.128,0.009,8,0.005,4.795,0.1,9,-0.123,0.016,9,0.006,6.098,0.042,18,-0.129,0.01,18,0.003,4.005,0.068,3,-0.128,0.017,3,0.012,4.475,0.108,3,-0.128,0.018,3,0.013,8.257,0.026,4,-0.137,0.005,4,0.004,2.543,0.002,5,-0.118,0.003,5,0.005,2.041,0.06,5,-0.129,0.006,5,0.006,2.482,0.01,2,-0.104,0.01,2,0.012,2.055,0.025,3,-0.089,0.005,3,0.005,1.112,0.082,2,-0.077,0.013,2,0.014,1.521,0.103,7,-0.067,0.03,7,0.013,0.606,0.012,5,0.035,0.012,5,0.008,1.313,0.033,4,-0.043,0.007,4,0.006,0.955,0.03,3,-0.074,0.008,3,0.007,0.582,0.013,5,-0.045,0.023,5,0.012,1.17,0.002,5,-0.07,0.002,5,0.005,1.071,0.054,2,-0.056,0.013,2,0.014
HIP29525,-0.012,0.007,8.266,0.039,3,-0.085,0.024,3,0.02,8.673,0.005,3,-0.011,0.004,3,0.014,6.222,0.099,4,-0.067,0.036,4,0.021,7.508,0.053,5,-0.068,0.027,5,0.015,6.271,0.043,2,-0.084,0.028,2,0.028,7.424,0.044,14,-0.054,0.012,14,0.004,7.059,0.078,4,-0.013,0.051,4,0.031,6.289,0.033,11,0.003,0.018,11,0.009,3.107,0.057,4,-0.003,0.034,4,0.021,2.982,0.028,6,-0.076,0.024,6,0.013,4.891,0.05,18,-0.023,0.023,18,0.01,4.942,0.047,12,-0.042,0.023,12,0.011,3.832,0.052,9,-0.03,0.03,9,0.014,5.604,0.047,14,0.002,0.026,14,0.011,5.634,0.074,5,0.008,0.019,5,0.013,5.203,0.092,8,-0.05,0.02,8,0.01,4.853,0.105,9,-0.065,0.026,9,0.011,6.15,0.053,18,-0.078,0.024,18,0.007,4.003,0.055,3,-0.13,0.036,3,0.026,4.545,0.106,3,-0.058,0.013,3,0.011,8.303,0.052,4,-0.091,0.021,4,0.014,2.738,0.002,5,0.078,0.003,5,0.012,2.244,0.053,5,0.074,0.019,5,0.013,2.649,0.04,2,0.063,0.02,2,0.022,2.338,0.03,3,0.194,0.013,3,0.012,1.323,0.083,2,0.134,0.012,2,0.014,1.726,0.118,7,0.139,0.031,7,0.015,0.685,0.047,5,0.114,0.047,5,0.024,1.455,0.025,3,0.107,0.008,3,0.009,1.065,0.041,3,0.036,0.065,3,0.046,0.645,0.048,5,0.018,0.058,5,0.03,1.321,0.03,5,0.081,0.032,5,0.018,1.321,0.14,2,0.195,0.073,2,0.073
HIP30037,0.007,0.003,8.38,0.062,3,0.028,0.035,3,0.025,8.693,0.017,3,0.009,0.01,3,0.008,6.283,0.068,4,-0.006,0.014,4,0.008,7.585,0.063,5,0.009,0.027,5,0.014,6.383,0.006,2,0.029,0.009,2,0.009,7.476,0.05,14,-0.001,0.012,14,0.003,7.122,0.103,4,0.05,0.046,4,0.026,6.293,0.04,11,0.007,0.022,11,0.008,3.109,0.047,4,-0.002,0.012,4,0.007,3.06,0.02,6,0.002,0.023,6,0.011,4.923,0.05,18,0.009,0.011,18,0.004,4.983,0.04,12,-0.001,0.021,12,0.008,3.872,0.048,9,0.011,0.015,9,0.006,5.614,0.049,14,0.012,0.016,14,0.005,5.639,0.078,5,0.014,0.015,5,0.008,5.275,0.106,8,0.022,0.019,8,0.008,4.917,0.086,9,-0.001,0.019,9,0.007,6.238,0.048,18,0.01,0.015,18,0.004,4.137,0.099,3,0.004,0.015,3,0.011,4.613,0.117,3,0.01,0.023,3,0.017,8.401,0.03,4,0.007,0.019,4,0.011,2.654,0.003,5,-0.006,0.004,5,0.005,2.16,0.084,5,-0.01,0.025,5,0.014,2.616,0.08,3,-0.001,0.035,3,0.025,2.139,0.027,3,-0.005,0.014,3,0.011,1.159,0.109,2,-0.03,0.014,2,0.015,1.607,0.115,7,0.019,0.047,7,0.02,0.696,0.014,5,0.125,0.014,5,0.008,1.37,0.035,4,0.015,0.026,4,0.016,1.024,0.063,3,-0.005,0.027,3,0.02,0.677,0.016,5,0.05,0.009,5,0.006,1.238,0.002,5,-0.002,0.002,5,0.005,1.154,0.086,2,0.028,0.018,2,0.019
HIP30158,-0.004,0.003,8.373,0.031,3,0.021,0.009,3,0.007,8.739,0.019,3,0.055,0.013,3,0.011,6.302,0.071,4,0.012,0.013,4,0.008,7.606,0.058,5,0.03,0.015,5,0.008,6.405,0.017,2,0.05,0.001,2,0.002,7.486,0.045,14,0.009,0.007,14,0.002,7.107,0.085,4,0.035,0.035,4,0.021,6.294,0.034,11,0.009,0.012,11,0.005,3.096,0.04,4,-0.015,0.013,4,0.008,3.075,0.009,6,0.017,0.01,6,0.007,4.93,0.047,18,0.016,0.011,18,0.005,4.987,0.04,12,0.003,0.015,12,0.006,3.868,0.05,9,0.007,0.012,9,0.006,5.599,0.052,14,-0.003,0.014,14,0.005,5.63,0.068,5,0.004,0.011,5,0.007,5.252,0.105,8,-0.001,0.008,8,0.005,4.926,0.091,9,0.008,0.008,9,0.004,6.23,0.043,18,0.003,0.01,18,0.003,4.17,0.103,3,0.037,0.019,3,0.014,4.63,0.11,3,0.026,0.017,3,0.013,8.384,0.032,4,-0.01,0.016,4,0.009,2.62,0.005,5,-0.04,0.006,5,0.006,2.122,0.072,5,-0.048,0.021,5,0.012,2.569,0.059,3,-0.048,0.012,3,0.01,2.105,0.022,3,-0.04,0.011,3,0.009,1.161,0.108,2,-0.028,0.013,2,0.014,1.556,0.142,7,-0.032,0.043,7,0.018,0.67,0.014,5,0.099,0.014,5,0.008,1.336,0.04,4,-0.02,0.015,4,0.01,1.039,0.056,3,0.01,0.021,3,0.016,0.68,0.025,5,0.053,0.019,5,0.011,1.237,0.002,5,-0.003,0.003,5,0.005,1.119,0.044,2,-0.007,0.023,2,0.024
HIP30476,-0.033,0.003,8.415,0.037,3,0.063,0.011,3,0.009,8.808,0.028,3,0.123,0.021,3,0.016,6.264,0.073,4,-0.026,0.013,4,0.008,7.657,0.063,5,0.081,0.016,5,0.009,6.451,0.024,2,0.096,0.009,2,0.009,7.508,0.05,14,0.03,0.011,14,0.003,7.111,0.057,4,0.04,0.026,4,0.016,6.306,0.036,11,0.021,0.015,11,0.006,3.12,0.032,4,0.01,0.02,4,0.012,3.122,0.019,6,0.064,0.018,6,0.009,4.976,0.049,18,0.062,0.012,18,0.005,5.051,0.041,12,0.066,0.009,12,0.006,3.878,0.048,9,0.017,0.007,9,0.005,5.571,0.048,14,-0.031,0.006,14,0.004,5.606,0.066,5,-0.02,0.005,5,0.005,5.171,0.108,8,-0.083,0.008,8,0.005,4.927,0.088,9,0.009,0.009,9,0.004,6.199,0.042,18,-0.029,0.007,18,0.003,4.158,0.09,3,0.024,0.01,3,0.008,4.657,0.106,3,0.054,0.013,3,0.01,8.358,0.033,4,-0.035,0.012,4,0.007,2.521,0.002,5,-0.14,0.003,5,0.005,2.037,0.068,5,-0.133,0.007,5,0.007,2.522,0.054,3,-0.095,0.008,3,0.008,2.063,0.026,3,-0.082,0.003,3,0.006,1.155,0.125,2,-0.034,0.03,2,0.031,1.556,0.131,7,-0.032,0.035,7,0.015,0.629,0.014,5,0.058,0.014,5,0.008,1.358,0.043,4,0.003,0.024,4,0.015,1.052,0.038,3,0.023,0.002,3,0.005,0.71,0.018,5,0.083,0.026,5,0.014,1.284,0.003,5,0.044,0.003,5,0.005,1.183,0.066,2,0.057,0.002,2,0.005
HIP30502,-0.057,0.004,8.235,0.032,3,-0.117,0.007,3,0.007,8.632,0.011,3,-0.053,0.015,3,0.012,6.202,0.065,4,-0.087,0.024,4,0.014,7.541,0.06,5,-0.035,0.018,5,0.009,6.337,0.024,2,-0.018,0.009,2,0.009,7.425,0.039,14,-0.052,0.011,14,0.003,6.954,0.078,4,-0.117,0.03,4,0.018,6.252,0.036,11,-0.034,0.015,11,0.006,3.051,0.028,4,-0.059,0.022,4,0.013,3.014,0.008,6,-0.044,0.009,6,0.006,4.886,0.045,18,-0.028,0.01,18,0.005,4.946,0.039,12,-0.039,0.015,12,0.007,3.802,0.045,9,-0.059,0.007,9,0.005,5.541,0.047,14,-0.061,0.009,14,0.004,5.562,0.071,5,-0.063,0.009,5,0.007,5.168,0.109,8,-0.085,0.009,8,0.005,4.853,0.092,9,-0.066,0.015,9,0.006,6.154,0.042,18,-0.074,0.009,18,0.003,4.07,0.084,3,-0.064,0.001,3,0.002,4.51,0.096,3,-0.093,0.006,3,0.005,8.254,0.025,4,-0.139,0.009,4,0.006,2.584,0.001,5,-0.076,0.002,5,0.005,2.084,0.063,5,-0.086,0.004,5,0.006,2.554,0.057,3,-0.063,0.011,3,0.009,2.094,0.016,3,-0.05,0.016,3,0.012,1.134,0.07,2,-0.055,0.025,2,0.026,1.566,0.118,7,-0.022,0.027,7,0.013,0.599,0.045,5,0.028,0.045,5,0.023,1.34,0.046,4,-0.015,0.019,4,0.012,1.011,0.021,3,-0.018,0.035,3,0.026,0.585,0.012,5,-0.042,0.024,5,0.013,1.206,0.003,5,-0.034,0.005,5,0.006,1.095,0.083,2,-0.032,0.015,2,0.016
HIP3203,-0.05,0.007,8.183,0.029,3,-0.169,0.024,3,0.02,8.648,0.01,3,-0.036,0.015,3,0.016,6.15,0.115,4,-0.139,0.035,4,0.021,7.484,0.047,5,-0.092,0.042,5,0.022,6.247,0.021,2,-0.108,0.005,2,0.006,7.39,0.047,14,-0.087,0.012,14,0.004,6.96,0.063,4,-0.112,0.003,4,0.009,6.267,0.03,11,-0.018,0.012,11,0.008,3.047,0.039,4,-0.064,0.028,4,0.018,2.96,0.023,6,-0.099,0.018,6,0.011,4.876,0.054,18,-0.038,0.018,18,0.01,4.92,0.045,12,-0.065,0.01,12,0.008,3.803,0.038,9,-0.058,0.025,9,0.013,5.553,0.043,14,-0.049,0.021,14,0.01,5.584,0.077,5,-0.042,0.019,5,0.012,5.13,0.101,8,-0.124,0.008,8,0.008,4.804,0.106,9,-0.115,0.023,9,0.011,6.094,0.05,18,-0.134,0.021,18,0.008,3.965,0.028,3,-0.168,0.077,3,0.055,4.463,0.114,3,-0.14,0.024,3,0.018,8.234,0.055,4,-0.159,0.026,4,0.017,2.721,0.001,5,0.06,0.001,5,0.011,2.22,0.054,5,0.05,0.018,5,0.013,2.676,0.045,3,0.059,0.002,3,0.008,2.351,0.027,3,0.207,0.007,3,0.01,1.343,0.103,2,0.153,0.008,2,0.011,1.736,0.116,7,0.148,0.029,7,0.014,0.735,0.016,5,0.164,0.016,5,0.011,1.508,0.046,3,0.16,0.022,3,0.017,1.083,0.026,3,0.054,0.05,3,0.036,0.684,0.011,5,0.057,0.024,5,0.014,1.207,0.022,5,-0.033,0.019,5,0.012,1.248,0.135,2,0.121,0.068,2,0.068
HIP33094,0.023,0.005,8.531,0.051,3,0.18,0.029,3,0.023,8.862,0.021,3,0.178,0.013,3,0.015,6.38,0.076,4,0.091,0.008,4,0.006,7.762,0.074,5,0.186,0.02,5,0.012,6.569,0.029,2,0.214,0.014,2,0.014,7.598,0.047,14,0.121,0.016,14,0.005,7.209,0.08,4,0.138,0.067,4,0.04,6.365,0.036,11,0.08,0.01,11,0.007,3.219,0.023,4,0.108,0.026,4,0.016,3.219,0.026,6,0.161,0.027,6,0.014,5.059,0.058,18,0.145,0.02,18,0.009,5.143,0.04,12,0.159,0.02,12,0.01,3.969,0.051,9,0.108,0.016,9,0.009,5.636,0.051,14,0.034,0.014,14,0.008,5.67,0.061,5,0.045,0.021,5,0.013,5.244,0.109,8,-0.01,0.012,8,0.008,5.037,0.095,9,0.118,0.011,9,0.007,6.287,0.047,18,0.059,0.016,18,0.006,4.305,0.116,3,0.171,0.043,3,0.031,4.792,0.121,3,0.188,0.034,3,0.024,8.479,0.045,4,0.085,0.019,4,0.012,2.611,0.001,5,-0.05,0.001,5,0.008,2.12,0.072,5,-0.05,0.009,5,0.009,2.59,0.064,3,-0.027,0.018,3,0.015,2.118,0.023,3,-0.026,0.005,3,0.008,1.211,0.114,2,0.022,0.019,2,0.02,1.62,0.151,7,0.032,0.049,7,0.021,0.731,0.013,5,0.16,0.013,5,0.01,1.407,0.041,4,0.051,0.027,4,0.017,1.143,0.04,3,0.114,0.006,3,0.009,0.727,0.008,5,0.1,0.026,5,0.015,1.369,0.003,5,0.129,0.002,5,0.007,1.288,0.05,2,0.162,0.017,2,0.019
HIP34511,-0.091,0.003,8.234,0.019,3,-0.117,0.022,3,0.016,8.644,0.009,3,-0.041,0.007,3,0.006,6.176,0.073,4,-0.113,0.02,4,0.012,7.493,0.054,5,-0.083,0.021,5,0.011,6.234,0.019,2,-0.121,0.004,2,0.004,7.394,0.052,14,-0.084,0.014,14,0.004,6.983,0.07,4,-0.088,0.013,4,0.008,6.226,0.041,11,-0.059,0.026,11,0.009,3,0.044,4,-0.111,0.033,4,0.02,2.953,0.019,6,-0.105,0.013,6,0.007,4.832,0.047,18,-0.082,0.015,18,0.005,4.898,0.041,12,-0.086,0.015,12,0.006,3.756,0.04,9,-0.105,0.015,9,0.007,5.51,0.042,14,-0.092,0.018,14,0.006,5.54,0.073,5,-0.085,0.016,5,0.009,5.13,0.102,8,-0.124,0.006,8,0.004,4.806,0.107,9,-0.112,0.018,9,0.007,6.106,0.043,18,-0.121,0.012,18,0.004,4.003,0.058,3,-0.13,0.028,3,0.02,4.476,0.089,3,-0.128,0.013,3,0.01,8.262,0.03,4,-0.131,0.008,4,0.006,2.6,0.001,5,-0.061,0.002,5,0.005,2.11,0.053,5,-0.06,0.017,5,0.01,2.582,0.04,3,-0.035,0.01,3,0.009,2.105,0.018,3,-0.04,0.011,3,0.009,1.17,0.025,2,-0.019,0.07,2,0.07,1.589,0.095,7,0.001,0.032,7,0.014,0.654,0.026,5,0.083,0.026,5,0.014,1.351,0.036,4,-0.005,0.013,4,0.009,0.984,0.039,3,-0.045,0.04,3,0.029,0.653,0.013,5,0.026,0.027,5,0.015,1.193,0.004,5,-0.047,0,5,0.005,1.109,0.067,2,-0.017,0.001,2,0.006
HIP36512,-0.126,0.002,8.209,0.024,3,-0.143,0.023,3,0.016,8.578,0.007,3,-0.106,0.002,3,0.003,6.143,0.076,4,-0.146,0.008,4,0.005,7.471,0.05,5,-0.105,0.017,5,0.009,6.242,0.018,2,-0.113,0.002,2,0.003,7.362,0.047,14,-0.116,0.009,14,0.003,6.966,0.062,4,-0.105,0.012,4,0.007,6.178,0.031,11,-0.107,0.005,11,0.003,2.982,0.037,4,-0.129,0.012,4,0.007,2.933,0.012,6,-0.125,0.01,6,0.005,4.812,0.047,18,-0.102,0.009,18,0.003,4.868,0.043,12,-0.116,0.015,12,0.006,3.739,0.047,9,-0.123,0.006,9,0.003,5.468,0.045,14,-0.134,0.009,14,0.003,5.497,0.078,5,-0.129,0.012,5,0.007,5.095,0.105,8,-0.159,0.007,8,0.003,4.791,0.09,9,-0.128,0.009,9,0.004,6.083,0.04,18,-0.144,0.008,18,0.002,3.991,0.066,3,-0.142,0.018,3,0.013,4.446,0.102,3,-0.158,0.013,3,0.01,8.23,0.022,4,-0.163,0.008,4,0.005,2.525,0.001,5,-0.136,0.001,5,0.004,2.033,0.061,5,-0.137,0.007,5,0.005,2.512,0.053,3,-0.105,0.012,3,0.009,2.038,0.021,3,-0.106,0.009,3,0.008,1.118,0.145,2,-0.071,0.05,2,0.05,1.515,0.1,7,-0.072,0.035,7,0.015,0.57,0.022,5,-0.001,0.022,5,0.012,1.301,0.035,4,-0.055,0.011,4,0.008,0.938,0.027,3,-0.091,0.012,3,0.009,0.566,0.009,5,-0.061,0.025,5,0.013,1.153,0.002,5,-0.087,0.002,5,0.004,1.087,0.076,2,-0.039,0.009,2,0.009
HIP36515,-0.029,0.009,8.235,0.026,3,-0.117,0.005,3,0.013,8.665,0.004,3,-0.019,0.01,3,0.017,6.166,0.11,4,-0.123,0.029,4,0.018,7.479,0.047,5,-0.097,0.032,5,0.018,6.264,0.019,2,-0.091,0.004,2,0.006,7.405,0.045,14,-0.072,0.014,14,0.004,7.01,0.067,4,-0.062,0.054,4,0.033,6.292,0.034,11,0.006,0.017,11,0.011,3.076,0.052,4,-0.035,0.035,4,0.023,2.951,0.022,6,-0.107,0.019,6,0.014,4.89,0.058,18,-0.024,0.026,18,0.013,4.93,0.05,12,-0.055,0.014,12,0.011,3.853,0.038,9,-0.008,0.04,9,0.019,5.598,0.041,14,-0.004,0.024,14,0.012,5.614,0.082,5,-0.012,0.02,5,0.015,5.183,0.097,8,-0.07,0.015,8,0.011,4.822,0.104,9,-0.096,0.022,9,0.012,6.125,0.055,18,-0.102,0.031,18,0.01,3.968,0.044,3,-0.165,0.053,3,0.038,4.503,0.103,3,-0.1,0.021,3,0.016,8.269,0.049,4,-0.124,0.02,4,0.016,2.735,0.001,5,0.075,0.002,5,0.013,2.235,0.055,5,0.065,0.019,5,0.016,2.683,0.047,3,0.066,0.011,3,0.013,2.374,0.032,3,0.229,0.005,3,0.01,1.286,0.028,2,0.097,0.067,2,0.067,1.721,0.102,7,0.133,0.046,7,0.022,0.679,0.02,5,0.108,0.02,5,0.014,1.467,0.057,3,0.119,0.027,3,0.022,1.075,0.03,3,0.047,0.045,3,0.033,0.676,0.027,5,0.049,0.031,5,0.019,1.313,0.037,5,0.073,0.034,5,0.02,1.204,0.134,2,0.078,0.067,2,0.067
HIP38072,0.085,0.007,8.364,0.037,3,0.012,0.016,3,0.016,8.763,0.007,3,0.079,0.012,3,0.016,6.354,0.092,4,0.065,0.014,4,0.009,7.637,0.047,5,0.061,0.018,5,0.011,6.446,0.016,2,0.091,0.001,2,0.004,7.538,0.044,14,0.061,0.012,14,0.004,7.104,0.081,4,0.033,0.027,4,0.019,6.397,0.042,11,0.112,0.025,11,0.011,3.244,0.04,4,0.133,0.044,4,0.026,3.156,0.02,6,0.098,0.016,6,0.012,5.022,0.051,18,0.108,0.026,18,0.011,5.067,0.046,12,0.082,0.018,12,0.012,3.983,0.037,9,0.122,0.025,9,0.013,5.704,0.046,14,0.102,0.019,14,0.01,5.714,0.068,5,0.088,0.016,5,0.013,5.328,0.108,8,0.075,0.011,8,0.008,4.996,0.091,9,0.077,0.012,9,0.008,6.29,0.048,18,0.063,0.017,18,0.007,4.173,0.064,3,0.039,0.022,3,0.017,4.646,0.118,3,0.043,0.027,3,0.02,8.413,0.059,4,0.02,0.029,4,0.018,2.808,0.002,5,0.148,0.002,5,0.011,2.288,0.054,5,0.118,0.019,5,0.016,2.729,0.05,3,0.112,0.004,3,0.011,2.35,0.045,3,0.206,0.018,3,0.016,1.308,0.071,2,0.119,0.024,2,0.025,1.719,0.133,7,0.131,0.033,7,0.016,0.765,0.026,5,0.194,0.026,5,0.016,1.496,0.043,4,0.141,0.022,4,0.016,1.159,0.024,3,0.131,0.029,3,0.023,0.783,0.022,5,0.156,0.028,5,0.017,1.304,0.007,5,0.063,0.008,5,0.01,1.244,0.091,2,0.118,0.023,2,0.025
HIP40133,0.116,0.002,8.391,0.038,3,0.04,0.011,3,0.008,8.775,0.018,3,0.09,0.013,3,0.01,6.401,0.077,4,0.112,0.008,4,0.005,7.724,0.061,5,0.148,0.013,5,0.007,6.515,0.019,2,0.16,0.003,2,0.004,7.594,0.047,14,0.117,0.01,14,0.003,7.144,0.065,4,0.073,0.033,4,0.019,6.407,0.033,11,0.122,0.007,11,0.004,3.232,0.03,4,0.122,0.019,4,0.011,3.214,0.011,6,0.155,0.011,6,0.006,5.051,0.054,18,0.136,0.016,18,0.005,5.116,0.048,12,0.132,0.014,12,0.006,3.996,0.051,9,0.134,0.011,9,0.005,5.725,0.049,14,0.123,0.01,14,0.004,5.739,0.073,5,0.114,0.012,5,0.007,5.373,0.102,8,0.12,0.007,8,0.004,5.041,0.087,9,0.122,0.011,9,0.004,6.362,0.045,18,0.135,0.013,18,0.004,4.27,0.106,3,0.137,0.022,3,0.015,4.715,0.121,3,0.112,0.027,3,0.019,8.445,0.04,4,0.051,0.011,4,0.006,2.783,0.001,5,0.122,0.001,5,0.005,2.273,0.072,5,0.103,0.011,5,0.007,2.718,0.065,3,0.101,0.02,3,0.015,2.248,0.033,3,0.103,0.007,3,0.006,1.274,0.083,2,0.085,0.012,2,0.013,1.671,0.127,7,0.084,0.03,7,0.013,0.669,0.018,5,0.098,0.018,5,0.01,1.447,0.044,4,0.092,0.016,4,0.01,1.12,0.037,3,0.091,0.024,3,0.017,0.775,0.017,5,0.148,0.023,5,0.012,1.357,0.003,5,0.117,0.004,5,0.005,1.22,0.08,2,0.093,0.012,2,0.013
HIP41317,-0.081,0.003,8.26,0.025,3,-0.092,0.004,3,0.005,8.657,0.001,3,-0.028,0.008,3,0.007,6.184,0.07,4,-0.105,0.017,4,0.01,7.552,0.053,5,-0.024,0.01,5,0.006,6.343,0.031,2,-0.012,0.015,2,0.016,7.419,0.048,14,-0.059,0.01,14,0.003,6.993,0.067,4,-0.079,0.015,4,0.009,6.242,0.031,11,-0.043,0.004,11,0.003,3.058,0.033,4,-0.052,0.017,4,0.01,3.017,0.008,6,-0.042,0.011,6,0.006,4.885,0.046,18,-0.03,0.008,18,0.004,4.943,0.044,12,-0.042,0.011,12,0.005,3.802,0.048,9,-0.059,0.007,9,0.004,5.52,0.049,14,-0.082,0.01,14,0.004,5.545,0.077,5,-0.08,0.01,5,0.007,5.141,0.106,8,-0.112,0.008,8,0.004,4.845,0.091,9,-0.074,0.007,9,0.003,6.135,0.042,18,-0.093,0.008,18,0.003,4.057,0.08,3,-0.076,0.004,3,0.004,4.514,0.1,3,-0.089,0.011,3,0.008,8.255,0.026,4,-0.139,0.005,4,0.003,2.502,0.001,5,-0.158,0.002,5,0.004,2.011,0.066,5,-0.159,0.008,5,0.007,2.493,0.066,3,-0.124,0.019,3,0.015,2.029,0.03,3,-0.115,0.004,3,0.006,1.101,0.105,2,-0.089,0.011,2,0.011,1.504,0.12,7,-0.083,0.024,7,0.011,0.551,0.017,5,-0.02,0.017,5,0.01,1.294,0.042,4,-0.062,0.013,4,0.009,0.967,0.033,3,-0.062,0.004,3,0.005,0.598,0.021,5,-0.029,0.003,5,0.005,1.205,0.005,5,-0.035,0.002,5,0.005,1.084,0.06,2,-0.042,0.008,2,0.009
HIP42333,0.132,0.006,8.325,0.027,3,-0.026,0.013,3,0.014,8.742,0.009,3,0.057,0.01,3,0.013,6.367,0.093,4,0.078,0.018,4,0.011,7.661,0.05,5,0.085,0.027,5,0.014,6.444,0.018,2,0.09,0.002,2,0.004,7.569,0.044,14,0.092,0.008,14,0.003,7.12,0.049,4,0.049,0.024,4,0.017,6.433,0.03,11,0.148,0.012,11,0.007,3.227,0.041,4,0.117,0.025,4,0.016,3.145,0.012,6,0.087,0.008,6,0.009,5.041,0.057,18,0.127,0.019,18,0.009,5.085,0.046,12,0.1,0.01,12,0.009,3.988,0.041,9,0.127,0.019,9,0.011,5.75,0.044,14,0.148,0.016,14,0.008,5.764,0.075,5,0.138,0.015,5,0.012,5.37,0.104,8,0.117,0.012,8,0.008,4.996,0.093,9,0.077,0.013,9,0.008,6.316,0.05,18,0.089,0.016,18,0.006,4.186,0.064,3,0.053,0.03,3,0.022,4.684,0.12,3,0.081,0.028,3,0.02,8.431,0.064,4,0.038,0.034,4,0.02,2.92,0.001,5,0.259,0.002,5,0.009,2.392,0.064,5,0.222,0.015,5,0.011,2.832,0.047,3,0.215,0.005,3,0.01,2.432,0.039,3,0.288,0.013,3,0.011,1.402,0.088,2,0.213,0.007,2,0.011,1.787,0.135,7,0.199,0.034,7,0.016,0.805,0.014,5,0.234,0.014,5,0.011,1.544,0.048,3,0.196,0.021,3,0.017,1.149,0.006,3,0.12,0.029,3,0.022,0.812,0.019,5,0.185,0.021,5,0.014,1.351,0.025,5,0.111,0.022,5,0.014,1.296,0.07,2,0.17,0.002,2,0.009
HIP43297,0.082,0.003,8.295,0.036,3,-0.056,0.016,3,0.012,8.712,0.009,3,0.027,0.014,3,0.011,6.307,0.083,4,0.017,0.016,4,0.01,7.638,0.062,5,0.062,0.033,5,0.017,6.412,0.018,2,0.057,0.002,2,0.004,7.528,0.05,14,0.051,0.011,14,0.003,7.108,0.077,4,0.036,0.038,4,0.022,6.38,0.036,11,0.094,0.01,11,0.006,3.169,0.028,4,0.058,0.02,4,0.012,3.1,0.016,6,0.042,0.015,6,0.007,5.007,0.054,18,0.093,0.013,18,0.006,5.056,0.046,12,0.071,0.014,12,0.005,3.952,0.052,9,0.091,0.015,9,0.007,5.7,0.048,14,0.098,0.011,14,0.006,5.716,0.081,5,0.091,0.016,5,0.009,5.319,0.105,8,0.065,0.012,8,0.006,4.961,0.088,9,0.043,0.011,9,0.005,6.276,0.047,18,0.048,0.011,18,0.004,4.151,0.071,3,0.017,0.014,3,0.011,4.638,0.134,3,0.034,0.043,3,0.03,8.391,0.037,4,-0.002,0.011,4,0.007,2.851,0.003,5,0.191,0.003,5,0.007,2.339,0.069,5,0.169,0.012,5,0.007,2.793,0.063,3,0.176,0.016,3,0.012,2.345,0.033,3,0.2,0.006,3,0.006,1.333,0.094,2,0.144,0.001,2,0.004,1.753,0.141,7,0.165,0.042,7,0.017,0.718,0.013,5,0.147,0.013,5,0.008,1.531,0.049,4,0.176,0.024,4,0.014,1.173,0.025,3,0.145,0.017,3,0.012,0.748,0.016,5,0.121,0.014,5,0.007,1.365,0.003,5,0.125,0.003,5,0.004,1.268,0.056,2,0.142,0.011,2,0.012
HIP44713,0.063,0.004,8.417,0.03,3,0.065,0.005,3,0.005,8.77,0.012,3,0.086,0.007,3,0.006,6.317,0.085,4,0.028,0.014,4,0.008,7.669,0.071,5,0.093,0.016,5,0.009,6.463,0.025,2,0.109,0.009,2,0.009,7.547,0.046,14,0.07,0.009,14,0.003,7.16,0.077,4,0.089,0.016,4,0.01,6.359,0.03,11,0.073,0.008,11,0.004,3.164,0.036,4,0.053,0.026,4,0.015,3.143,0.019,6,0.084,0.017,6,0.009,4.993,0.05,18,0.078,0.012,18,0.005,5.067,0.042,12,0.082,0.009,12,0.005,3.923,0.044,9,0.062,0.008,9,0.004,5.668,0.048,14,0.066,0.008,14,0.004,5.695,0.068,5,0.07,0.011,5,0.007,5.296,0.098,8,0.042,0.01,8,0.005,4.967,0.093,9,0.049,0.01,9,0.004,6.272,0.043,18,0.045,0.009,18,0.003,4.214,0.086,3,0.081,0.002,3,0.003,4.681,0.113,3,0.078,0.019,3,0.014,8.455,0.044,4,0.061,0.016,4,0.01,2.613,0.003,5,-0.047,0.002,5,0.004,2.131,0.069,5,-0.039,0.011,5,0.008,2.593,0.055,3,-0.024,0.009,3,0.008,2.185,0.028,3,0.04,0.002,3,0.006,1.228,0.117,2,0.038,0.022,2,0.022,1.645,0.129,7,0.057,0.029,7,0.013,0.664,0.013,5,0.093,0.013,5,0.008,1.431,0.028,4,0.076,0.022,4,0.013,1.097,0.024,3,0.068,0.012,3,0.009,0.701,0.009,5,0.074,0.025,5,0.013,1.321,0.003,5,0.081,0.002,5,0.005,1.197,0.063,2,0.071,0.004,2,0.006
HIP44935,0.038,0.004,8.388,0.028,3,0.037,0.019,3,0.014,8.727,0.011,3,0.043,0.012,3,0.009,6.358,0.073,4,0.069,0.014,4,0.008,7.643,0.059,5,0.067,0.002,5,0.003,6.441,0.014,2,0.086,0.002,2,0.003,7.534,0.047,14,0.056,0.01,14,0.003,7.117,0.062,4,0.045,0.017,4,0.01,6.33,0.031,11,0.045,0.01,11,0.005,3.159,0.029,4,0.049,0.022,4,0.013,3.153,0.044,6,0.095,0.039,6,0.018,4.972,0.051,18,0.058,0.012,18,0.005,5.047,0.046,12,0.063,0.013,12,0.006,3.915,0.051,9,0.054,0.013,9,0.006,5.643,0.047,14,0.041,0.008,14,0.005,5.666,0.066,5,0.04,0.011,5,0.007,5.298,0.108,8,0.044,0.007,8,0.004,4.974,0.09,9,0.056,0.01,9,0.005,6.279,0.044,18,0.052,0.009,18,0.004,4.21,0.091,3,0.076,0.007,3,0.006,4.66,0.122,3,0.057,0.029,3,0.021,8.4,0.038,4,0.007,0.009,4,0.006,2.667,0.001,5,0.007,0.002,5,0.005,2.157,0.065,5,-0.013,0.01,5,0.008,2.615,0.064,3,-0.002,0.018,3,0.014,2.145,0.029,3,0.001,0.006,3,0.007,1.192,0.117,2,0.002,0.022,2,0.022,1.601,0.112,7,0.013,0.028,7,0.013,0.732,0.015,5,0.161,0.015,5,0.009,1.396,0.04,4,0.04,0.009,4,0.008,1.058,0.005,3,0.029,0.035,3,0.025,0.727,0.011,5,0.1,0.027,5,0.014,1.314,0.005,5,0.073,0.003,5,0.005,1.164,0.029,2,0.038,0.038,2,0.038
HIP44997,-0.012,0.003,8.292,0.012,3,-0.06,0.027,3,0.019,8.716,0.016,3,0.032,0.022,3,0.016,6.253,0.04,4,-0.036,0.047,4,0.027,7.552,0.055,5,-0.024,0.011,5,0.006,6.338,0.022,2,-0.017,0.007,2,0.007,7.453,0.045,14,-0.025,0.007,14,0.002,7.044,0.045,4,-0.027,0.024,4,0.014,6.283,0.032,11,-0.003,0.006,11,0.003,3.112,0.048,4,0.001,0.014,4,0.009,3.03,0.014,6,-0.029,0.01,6,0.006,4.903,0.047,18,-0.011,0.011,18,0.004,4.963,0.048,12,-0.022,0.015,12,0.006,3.839,0.051,9,-0.022,0.011,9,0.005,5.593,0.046,14,-0.009,0.007,14,0.004,5.61,0.07,5,-0.015,0.007,5,0.005,5.243,0.102,8,-0.011,0.009,8,0.004,4.884,0.081,9,-0.035,0.018,9,0.007,6.211,0.045,18,-0.016,0.014,18,0.004,4.096,0.079,3,-0.037,0.013,3,0.009,4.543,0.092,3,-0.06,0.003,3,0.004,8.339,0.027,4,-0.055,0.011,4,0.007,2.669,0.002,5,0.009,0.003,5,0.005,2.169,0.068,5,-0.001,0.014,5,0.009,2.624,0.061,3,0.007,0.015,3,0.012,2.125,0.031,3,-0.019,0.011,3,0.009,1.187,0.084,2,-0.002,0.011,2,0.012,1.581,0.121,7,-0.007,0.033,7,0.014,0.631,0.012,5,0.06,0.012,5,0.008,1.357,0.047,4,0.002,0.017,4,0.011,1.055,0.05,3,0.026,0.015,3,0.012,0.681,0.005,5,0.054,0.018,5,0.01,1.186,0.003,5,-0.054,0.002,5,0.005,1.103,0.052,2,-0.023,0.015,2,0.016
HIP4909,0.048,0.006,8.239,0.018,3,-0.113,0.017,3,0.016,8.699,0.017,3,0.015,0.024,3,0.02,6.252,0.102,4,-0.038,0.029,4,0.017,7.571,0.047,5,-0.005,0.034,5,0.018,6.321,0.029,2,-0.034,0.014,2,0.014,7.48,0.048,14,0.002,0.01,14,0.004,7.024,0.068,4,-0.047,0.013,4,0.012,6.346,0.027,11,0.06,0.013,11,0.006,3.158,0.062,4,0.048,0.029,4,0.017,3.04,0.016,6,-0.019,0.009,6,0.009,4.949,0.058,18,0.035,0.023,18,0.008,4.993,0.049,12,0.008,0.009,12,0.009,3.881,0.041,9,0.02,0.024,9,0.011,5.66,0.046,14,0.058,0.017,14,0.007,5.671,0.07,5,0.045,0.018,5,0.013,5.251,0.108,8,-0.003,0.016,8,0.008,4.895,0.107,9,-0.024,0.017,9,0.008,6.209,0.05,18,-0.019,0.023,18,0.007,4.058,0.046,3,-0.076,0.049,3,0.035,4.569,0.13,3,-0.035,0.044,3,0.031,8.355,0.075,4,-0.038,0.045,4,0.026,2.83,0.001,5,0.17,0.003,5,0.008,2.308,0.059,5,0.138,0.014,5,0.011,2.741,0.041,3,0.124,0.013,3,0.013,2.397,0.027,3,0.253,0.003,3,0.007,1.394,0.096,2,0.205,0.001,2,0.009,1.774,0.108,7,0.186,0.038,7,0.017,0.748,0.025,5,0.177,0.025,5,0.015,1.567,0.046,3,0.219,0.013,3,0.012,1.131,0.02,3,0.102,0.047,3,0.034,0.726,0.031,5,0.099,0.02,5,0.013,1.358,0.017,5,0.118,0.015,5,0.011,1.232,0.114,2,0.106,0.046,2,0.047
HIP49756,0.023,0.003,8.386,0.049,3,0.035,0.026,3,0.018,8.708,0,3,0.023,0.008,3,0.006,6.324,0.066,4,0.034,0.019,4,0.011,7.61,0.055,5,0.034,0.013,5,0.007,6.386,0.019,2,0.031,0.004,2,0.004,7.506,0.049,14,0.029,0.011,14,0.003,7.096,0.064,4,0.024,0.012,4,0.007,6.316,0.03,11,0.031,0.008,11,0.004,3.143,0.041,4,0.032,0.007,4,0.005,3.103,0.019,6,0.045,0.013,6,0.007,4.948,0.046,18,0.034,0.01,18,0.004,5.02,0.044,12,0.035,0.008,12,0.005,3.897,0.045,9,0.036,0.007,9,0.004,5.629,0.044,14,0.027,0.011,14,0.004,5.655,0.074,5,0.029,0.007,5,0.005,5.282,0.108,8,0.029,0.01,8,0.005,4.954,0.087,9,0.036,0.01,9,0.004,6.254,0.045,18,0.027,0.008,18,0.003,4.161,0.083,3,0.027,0.007,3,0.005,4.61,0.111,3,0.007,0.021,3,0.015,8.402,0.029,4,0.009,0.009,4,0.006,2.71,0.001,5,0.049,0.001,5,0.005,2.202,0.057,5,0.032,0.007,5,0.006,2.666,0.055,3,0.049,0.011,3,0.009,2.165,0.02,3,0.02,0.012,3,0.01,1.209,0.118,2,0.02,0.023,2,0.023,1.629,0.105,7,0.041,0.032,7,0.014,0.601,0.029,5,0.03,0.029,5,0.015,1.412,0.028,4,0.056,0.008,4,0.006,1.076,0.035,3,0.047,0.001,3,0.004,0.716,0.01,5,0.089,0.028,5,0.015,1.284,0.002,5,0.044,0.004,5,0.005,1.16,0.043,2,0.034,0.024,2,0.025
HIP5301,-0.074,0.003,8.268,0.014,3,-0.084,0.018,3,0.013,8.64,0.026,3,-0.045,0.019,3,0.014,6.213,0.082,4,-0.077,0.022,4,0.013,7.523,0.055,5,-0.053,0.01,5,0.005,6.292,0.029,2,-0.063,0.013,2,0.013,7.401,0.054,14,-0.077,0.014,14,0.004,7.037,0.054,4,-0.034,0.019,4,0.011,6.224,0.031,11,-0.061,0.007,11,0.004,3.036,0.055,4,-0.075,0.037,4,0.021,2.987,0.021,6,-0.071,0.016,6,0.008,4.847,0.047,18,-0.067,0.016,18,0.005,4.909,0.041,12,-0.075,0.017,12,0.007,3.776,0.038,9,-0.085,0.011,9,0.005,5.528,0.049,14,-0.074,0.018,14,0.006,5.557,0.077,5,-0.069,0.008,5,0.006,5.162,0.097,8,-0.092,0.012,8,0.005,4.83,0.09,9,-0.089,0.014,9,0.005,6.143,0.044,18,-0.084,0.01,18,0.003,4.054,0.079,3,-0.08,0.005,3,0.004,4.511,0.105,3,-0.093,0.011,3,0.008,8.281,0.023,4,-0.112,0.014,4,0.008,2.567,0.001,5,-0.093,0.002,5,0.004,2.075,0.063,5,-0.095,0.012,5,0.008,2.541,0.051,3,-0.076,0.004,3,0.006,2.07,0.029,3,-0.075,0.013,3,0.01,1.183,0.058,2,-0.006,0.036,2,0.037,1.536,0.097,7,-0.052,0.033,7,0.014,0.665,0.029,5,0.094,0.029,5,0.015,1.315,0.017,4,-0.041,0.024,4,0.015,0.964,0.035,3,-0.065,0.031,3,0.022,0.647,0.025,5,0.02,0.019,5,0.011,1.122,0.013,5,-0.118,0.013,5,0.008,1.16,0.109,2,0.033,0.041,2,0.042
HIP54102,0.011,0.005,8.284,0.03,3,-0.067,0.004,3,0.01,8.673,0.017,3,-0.011,0.021,3,0.018,6.215,0.077,4,-0.074,0.023,4,0.014,7.549,0.052,5,-0.027,0.022,5,0.012,6.307,0.011,2,-0.048,0.005,2,0.005,7.46,0.048,14,-0.018,0.01,14,0.003,7.048,0.125,4,-0.024,0.069,4,0.041,6.315,0.033,11,0.029,0.011,11,0.006,3.117,0.051,4,0.006,0.027,4,0.016,3.022,0.018,6,-0.037,0.012,6,0.008,4.927,0.051,18,0.013,0.018,18,0.007,4.979,0.038,12,-0.006,0.01,12,0.007,3.863,0.038,9,0.002,0.018,9,0.009,5.624,0.039,14,0.022,0.015,14,0.006,5.643,0.079,5,0.018,0.011,5,0.009,5.231,0.111,8,-0.023,0.015,8,0.007,4.877,0.096,9,-0.042,0.01,9,0.006,6.186,0.044,18,-0.041,0.015,18,0.005,4.052,0.023,3,-0.081,0.062,3,0.044,4.529,0.108,3,-0.075,0.02,3,0.015,8.347,0.041,4,-0.047,0.011,4,0.008,2.764,0.001,5,0.104,0.002,5,0.007,2.263,0.054,5,0.093,0.02,5,0.012,2.722,0.048,3,0.105,0.014,3,0.012,2.311,0.025,3,0.166,0.009,3,0.008,1.304,0.071,2,0.115,0.024,2,0.025,1.741,0.104,7,0.153,0.025,7,0.012,0.774,0.014,5,0.203,0.014,5,0.009,1.532,0.039,4,0.176,0.013,4,0.009,1.135,0.014,3,0.106,0.037,3,0.027,0.742,0.01,5,0.115,0.021,5,0.012,1.336,0.003,5,0.096,0.002,5,0.006,1.2,0.063,2,0.074,0.005,2,0.007
HIP54287,0.107,0.004,8.419,0.03,3,0.067,0.007,3,0.007,8.776,0.008,3,0.092,0.01,3,0.009,6.409,0.069,4,0.119,0.013,4,0.008,7.723,0.067,5,0.147,0.012,5,0.007,6.524,0.025,2,0.169,0.01,2,0.01,7.599,0.044,14,0.122,0.007,14,0.002,7.166,0.071,4,0.095,0.03,4,0.018,6.406,0.035,11,0.121,0.012,11,0.005,3.228,0.03,4,0.118,0.018,4,0.011,3.215,0.019,6,0.156,0.019,6,0.01,5.047,0.052,18,0.133,0.013,18,0.005,5.114,0.042,12,0.13,0.013,12,0.006,3.99,0.052,9,0.129,0.012,9,0.006,5.715,0.054,14,0.113,0.015,14,0.006,5.737,0.071,5,0.112,0.013,5,0.008,5.366,0.103,8,0.112,0.009,8,0.005,5.046,0.083,9,0.127,0.014,9,0.006,6.358,0.045,18,0.13,0.016,18,0.005,4.281,0.111,3,0.147,0.03,3,0.021,4.703,0.101,3,0.1,0.007,3,0.006,8.454,0.031,4,0.06,0.009,4,0.006,2.753,0.002,5,0.093,0.002,5,0.006,2.247,0.075,5,0.077,0.013,5,0.008,2.686,0.063,3,0.069,0.016,3,0.013,2.206,0.026,3,0.062,0.01,3,0.008,1.24,0.128,2,0.051,0.033,2,0.033,1.649,0.142,7,0.061,0.042,7,0.018,0.691,0.019,5,0.12,0.019,5,0.011,1.422,0.034,4,0.066,0.014,4,0.01,1.105,0.035,3,0.076,0.014,3,0.011,0.728,0.021,5,0.101,0.002,5,0.005,1.349,0.004,5,0.109,0.003,5,0.006,1.198,0.049,2,0.072,0.018,2,0.019
HIP54582,-0.096,0.004,8.277,0.029,3,-0.075,0.008,3,0.008,8.632,0.002,3,-0.052,0.009,3,0.009,6.163,0.07,4,-0.126,0.026,4,0.015,7.531,0.049,5,-0.045,0.012,5,0.007,6.288,0.026,2,-0.067,0.011,2,0.011,7.406,0.048,14,-0.071,0.01,14,0.003,6.974,0.081,4,-0.097,0.039,4,0.023,6.218,0.025,11,-0.068,0.012,11,0.005,3.042,0.033,4,-0.068,0.017,4,0.01,3.003,0.02,6,-0.056,0.018,6,0.01,4.842,0.05,18,-0.072,0.013,18,0.006,4.927,0.049,12,-0.058,0.015,12,0.007,3.767,0.039,9,-0.094,0.015,9,0.007,5.491,0.038,14,-0.111,0.012,14,0.005,5.532,0.077,5,-0.094,0.018,5,0.01,5.096,0.108,8,-0.158,0.008,8,0.005,4.823,0.092,9,-0.096,0.008,9,0.005,6.108,0.042,18,-0.119,0.013,18,0.004,4.038,0.049,3,-0.095,0.038,3,0.027,4.467,0.096,3,-0.137,0.017,3,0.012,8.265,0.04,4,-0.128,0.01,4,0.007,2.466,0.002,5,-0.194,0.002,5,0.005,1.956,0.05,5,-0.214,0.015,5,0.01,2.45,0.052,3,-0.167,0.02,3,0.015,2.025,0.017,3,-0.12,0.012,3,0.009,1.087,0.062,2,-0.103,0.032,2,0.033,1.516,0.088,7,-0.072,0.048,7,0.02,0.605,0.015,5,0.034,0.015,5,0.01,1.323,0.027,4,-0.033,0.013,4,0.01,0.986,0.02,3,-0.042,0.016,3,0.013,0.622,0.02,5,-0.005,0.023,5,0.013,1.186,0.004,5,-0.054,0.003,5,0.006,1.111,0.111,2,-0.015,0.043,2,0.043
HIP62039,0.104,0.003,8.446,0.025,3,0.094,0.006,3,0.006,8.816,0.014,3,0.132,0.008,3,0.007,6.411,0.064,4,0.122,0.018,4,0.01,7.719,0.067,5,0.143,0.013,5,0.007,6.508,0.031,2,0.153,0.015,2,0.016,7.594,0.048,14,0.116,0.01,14,0.003,7.202,0.057,4,0.131,0.009,4,0.006,6.392,0.032,11,0.107,0.011,11,0.005,3.219,0.032,4,0.108,0.022,4,0.013,3.211,0.017,6,0.152,0.014,6,0.008,5.043,0.05,18,0.128,0.012,18,0.004,5.119,0.046,12,0.134,0.013,12,0.006,3.978,0.051,9,0.116,0.01,9,0.005,5.708,0.05,14,0.106,0.01,14,0.004,5.742,0.075,5,0.116,0.014,5,0.008,5.358,0.101,8,0.105,0.009,8,0.005,5.035,0.088,9,0.116,0.01,9,0.004,6.348,0.047,18,0.12,0.014,18,0.004,4.284,0.097,3,0.151,0.013,3,0.01,4.756,0.122,3,0.152,0.029,3,0.02,8.473,0.038,4,0.079,0.01,4,0.006,2.705,0.001,5,0.045,0.001,5,0.005,2.215,0.07,5,0.045,0.012,5,0.008,2.663,0.068,3,0.046,0.021,3,0.016,2.204,0.026,3,0.06,0.007,3,0.007,1.233,0.121,2,0.044,0.026,2,0.026,1.66,0.136,7,0.072,0.037,7,0.016,0.7,0.037,5,0.129,0.037,5,0.019,1.435,0.044,4,0.08,0.015,4,0.01,1.118,0.053,3,0.089,0.025,3,0.018,0.765,0.018,5,0.138,0.008,5,0.006,1.359,0.002,5,0.119,0.004,5,0.005,1.23,0.058,2,0.104,0.009,2,0.01
HIP6407,-0.058,0.006,8.285,0.085,3,-0.067,0.069,3,0.049,8.649,0.02,3,-0.036,0.028,3,0.021,6.179,0.09,4,-0.11,0.021,4,0.013,7.504,0.046,5,-0.072,0.017,5,0.01,6.268,0.012,2,-0.087,0.003,2,0.005,7.399,0.055,14,-0.079,0.021,14,0.006,7.071,0.091,4,0,0.043,4,0.026,6.247,0.035,11,-0.038,0.011,11,0.007,3.075,0.057,4,-0.036,0.018,4,0.012,2.976,0.024,6,-0.082,0.02,6,0.011,4.867,0.056,18,-0.047,0.023,18,0.009,4.923,0.048,12,-0.062,0.016,12,0.008,3.808,0.037,9,-0.054,0.015,9,0.009,5.549,0.042,14,-0.052,0.017,14,0.008,5.58,0.08,5,-0.046,0.027,5,0.015,5.157,0.106,8,-0.097,0.018,8,0.009,4.836,0.092,9,-0.083,0.022,9,0.009,6.127,0.05,18,-0.1,0.02,18,0.006,4.015,0.042,3,-0.118,0.042,3,0.03,4.499,0.127,3,-0.104,0.039,3,0.028,8.306,0.022,4,-0.087,0.009,4,0.008,2.672,0.002,5,0.012,0.002,5,0.008,2.176,0.054,5,0.006,0.013,5,0.009,2.671,0.046,3,0.054,0.014,3,0.012,2.212,0.02,3,0.068,0.011,3,0.01,1.271,0.028,2,0.082,0.067,2,0.067,1.68,0.119,7,0.093,0.037,7,0.016,0.73,0.04,5,0.159,0.04,5,0.021,1.443,0.046,4,0.087,0.016,4,0.011,1.034,0.064,3,0.006,0.044,3,0.032,0.695,0.041,5,0.068,0.021,5,0.012,1.253,0.003,5,0.012,0.005,5,0.007,1.183,0.139,2,0.057,0.072,2,0.072
HIP64150,0.049,0.003,8.424,0.026,3,0.072,0.005,3,0.005,8.755,0.018,3,0.071,0.025,3,0.018,6.363,0.062,4,0.074,0.02,4,0.012,7.675,0.062,5,0.099,0.016,5,0.008,6.437,0.023,2,0.082,0.008,2,0.008,7.541,0.049,14,0.063,0.01,14,0.003,7.13,0.072,4,0.059,0.016,4,0.009,6.339,0.032,11,0.054,0.004,11,0.003,3.164,0.038,4,0.053,0.021,4,0.012,3.129,0.008,6,0.071,0.008,6,0.005,4.974,0.054,18,0.06,0.011,18,0.004,5.047,0.043,12,0.063,0.009,12,0.004,3.915,0.05,9,0.054,0.006,9,0.003,5.65,0.048,14,0.048,0.007,14,0.003,5.69,0.077,5,0.064,0.009,5,0.006,5.3,0.102,8,0.046,0.005,8,0.003,4.981,0.093,9,0.063,0.008,9,0.003,6.28,0.043,18,0.053,0.009,18,0.003,4.249,0.088,3,0.116,0.013,3,0.009,4.699,0.113,3,0.096,0.019,3,0.014,8.444,0.035,4,0.051,0.006,4,0.004,3.068,0.002,5,0.408,0.003,5,0.006,2.486,0.051,5,0.316,0.019,5,0.011,2.904,0.047,3,0.287,0,3,0.005,2.288,0.016,3,0.144,0.013,3,0.01,1.329,0.107,2,0.139,0.012,2,0.012,1.716,0.133,7,0.128,0.036,7,0.015,0.74,0.013,5,0.169,0.013,5,0.007,1.477,0.035,4,0.122,0.012,4,0.008,1.118,0.028,3,0.089,0.011,3,0.008,0.717,0.017,5,0.09,0.01,5,0.006,1.321,0.002,5,0.081,0.002,5,0.003,1.225,0.076,2,0.099,0.008,2,0.009
HIP64673,-0.017,0.004,8.406,0.04,3,0.055,0.018,3,0.014,8.719,0.016,3,0.034,0.009,3,0.009,6.313,0.082,4,0.024,0.014,4,0.008,7.589,0.06,5,0.013,0.007,5,0.005,6.37,0.013,2,0.016,0.003,2,0.004,7.484,0.05,14,0.007,0.015,14,0.004,7.072,0.072,4,0.001,0.02,4,0.013,6.271,0.024,11,-0.014,0.014,11,0.006,3.101,0.035,4,-0.01,0.022,4,0.013,3.08,0.016,6,0.022,0.016,6,0.009,4.9,0.051,18,-0.014,0.018,18,0.006,4.98,0.044,12,-0.005,0.013,12,0.007,3.844,0.04,9,-0.017,0.013,9,0.007,5.572,0.042,14,-0.03,0.011,14,0.005,5.609,0.076,5,-0.017,0.021,5,0.012,5.22,0.111,8,-0.034,0.012,8,0.006,4.927,0.1,9,0.009,0.012,9,0.006,6.213,0.044,18,-0.014,0.012,18,0.004,4.148,0.067,3,0.015,0.021,3,0.015,4.59,0.085,3,-0.013,0.009,3,0.007,8.399,0.05,4,0.006,0.022,4,0.013,2.576,0.002,5,-0.084,0.003,5,0.005,2.06,0.053,5,-0.11,0.014,5,0.009,2.523,0.05,3,-0.094,0.024,3,0.018,2.096,0.03,3,-0.048,0.009,3,0.008,1.107,0.095,2,-0.082,0,2,0.006,1.558,0.089,7,-0.03,0.045,7,0.019,0.669,0.019,5,0.098,0.019,5,0.011,1.345,0.02,4,-0.01,0.014,4,0.01,1.007,0.012,3,-0.021,0.024,3,0.018,0.719,0.022,5,0.092,0.018,5,0.011,1.19,0.039,5,-0.051,0.035,5,0.019,1.141,0.095,2,0.015,0.027,2,0.028
HIP64713,-0.043,0.003,8.29,0.026,3,-0.062,0.016,3,0.012,8.666,0.019,3,-0.018,0.012,3,0.009,6.229,0.07,4,-0.06,0.021,4,0.012,7.539,0.055,5,-0.037,0.009,5,0.005,6.308,0.024,2,-0.047,0.008,2,0.008,7.435,0.047,14,-0.042,0.01,14,0.003,7.032,0.085,4,-0.04,0.028,4,0.016,6.26,0.03,11,-0.025,0.008,11,0.005,3.075,0.045,4,-0.035,0.022,4,0.013,3.009,0.006,6,-0.05,0.007,6,0.006,4.881,0.052,18,-0.034,0.014,18,0.005,4.942,0.048,12,-0.042,0.016,12,0.007,3.815,0.045,9,-0.047,0.01,9,0.006,5.557,0.046,14,-0.045,0.008,14,0.004,5.588,0.073,5,-0.038,0.01,5,0.006,5.191,0.103,8,-0.062,0.008,8,0.005,4.87,0.098,9,-0.049,0.012,9,0.005,6.17,0.04,18,-0.058,0.009,18,0.004,4.075,0.07,3,-0.059,0.015,3,0.011,4.534,0.084,3,-0.07,0.012,3,0.009,8.325,0.03,4,-0.068,0.002,4,0.003,2.633,0.001,5,-0.027,0.002,5,0.005,2.134,0.058,5,-0.036,0.012,5,0.008,2.595,0.053,3,-0.022,0.009,3,0.009,2.125,0.024,3,-0.02,0.006,3,0.007,1.18,0.076,2,-0.009,0.019,2,0.02,1.58,0.106,7,-0.008,0.027,7,0.013,0.647,0.015,5,0.076,0.015,5,0.01,1.377,0.048,4,0.022,0.017,4,0.011,1.012,0.003,3,-0.017,0.033,3,0.024,0.699,0.018,5,0.072,0.023,5,0.013,1.212,0.017,5,-0.029,0.014,5,0.009,1.127,0.118,2,0,0.05,2,0.05
HIP65708,-0.063,0.005,8.376,0.03,3,0.024,0.021,3,0.015,8.793,0.013,3,0.109,0.006,3,0.007,6.236,0.081,4,-0.054,0.007,4,0.005,7.626,0.063,5,0.05,0.006,5,0.005,6.415,0.019,2,0.06,0.004,2,0.005,7.477,0.047,14,0,0.011,14,0.004,7.083,0.06,4,0.011,0.011,4,0.008,6.274,0.029,11,-0.011,0.007,11,0.005,3.115,0.039,4,0.005,0.012,4,0.009,3.085,0.021,6,0.027,0.02,6,0.01,4.941,0.052,18,0.027,0.013,18,0.007,5.02,0.044,12,0.035,0.011,12,0.006,3.841,0.045,9,-0.02,0.012,9,0.007,5.536,0.046,14,-0.066,0.015,14,0.007,5.574,0.064,5,-0.051,0.012,5,0.008,5.12,0.11,8,-0.133,0.01,8,0.006,4.887,0.096,9,-0.031,0.01,9,0.006,6.157,0.045,18,-0.07,0.011,18,0.005,4.125,0.077,3,-0.008,0.013,3,0.01,4.616,0.097,3,0.013,0.004,3,0.004,8.357,0.037,4,-0.036,0.007,4,0.006,2.512,0.002,5,-0.148,0.003,5,0.007,2.026,0.064,5,-0.144,0.013,5,0.009,2.509,0.064,3,-0.108,0.017,3,0.013,2.056,0.022,3,-0.089,0.006,3,0.008,1.171,0.092,2,-0.019,0.003,2,0.006,1.565,0.124,7,-0.022,0.038,7,0.016,0.692,0.015,5,0.121,0.015,5,0.009,1.396,0.03,4,0.04,0.007,4,0.007,1.07,0.024,3,0.042,0.012,3,0.01,0.718,0.014,5,0.091,0.014,5,0.009,1.311,0.003,5,0.071,0.002,5,0.006,1.192,0.078,2,0.066,0.01,2,0.012
HIP68468,0.071,0.004,8.373,0.033,3,0.022,0.025,3,0.018,8.771,0.002,3,0.087,0.009,3,0.009,6.388,0.071,4,0.099,0.015,4,0.009,7.692,0.056,5,0.116,0.014,5,0.008,6.476,0.018,2,0.122,0.003,2,0.004,7.569,0.045,14,0.092,0.008,14,0.002,7.124,0.059,4,0.053,0.032,4,0.019,6.367,0.029,11,0.082,0.008,11,0.005,3.213,0.026,4,0.103,0.021,4,0.013,3.193,0.019,6,0.135,0.018,6,0.009,5.007,0.05,18,0.093,0.013,18,0.006,5.093,0.047,12,0.108,0.009,12,0.006,3.946,0.038,9,0.085,0.019,9,0.008,5.668,0.048,14,0.066,0.009,14,0.005,5.71,0.071,5,0.084,0.012,5,0.008,5.315,0.103,8,0.062,0.011,8,0.006,5.016,0.09,9,0.098,0.012,9,0.006,6.31,0.042,18,0.083,0.011,18,0.004,4.246,0.084,3,0.112,0.008,3,0.007,4.699,0.091,3,0.095,0.005,3,0.005,8.429,0.048,4,0.036,0.018,4,0.011,2.672,0.001,5,0.012,0.001,5,0.006,2.189,0.061,5,0.019,0.007,5,0.008,2.648,0.044,3,0.031,0.008,3,0.008,2.185,0.027,3,0.041,0.001,3,0.005,1.191,0.123,2,0.002,0.028,2,0.029,1.65,0.115,7,0.062,0.047,7,0.02,0.703,0.023,5,0.132,0.023,5,0.013,1.446,0.024,4,0.091,0.009,4,0.008,1.1,0.052,3,0.071,0.019,3,0.015,0.759,0.015,5,0.132,0.031,5,0.016,1.354,0.003,5,0.114,0.002,5,0.006,1.222,0.099,2,0.096,0.031,2,0.032
HIP69645,-0.026,0.004,8.312,0.05,3,-0.04,0.055,3,0.039,8.709,0.009,3,0.025,0.002,3,0.003,6.283,0.078,4,-0.006,0.01,4,0.006,7.57,0.064,5,-0.006,0.029,5,0.015,6.337,0.018,2,-0.018,0.003,2,0.003,7.46,0.049,14,-0.017,0.011,14,0.004,7.072,0.07,4,0.001,0.017,4,0.01,6.259,0.032,11,-0.026,0.008,11,0.005,3.098,0.048,4,-0.013,0.004,4,0.004,3.038,0.017,6,-0.02,0.013,6,0.007,4.893,0.044,18,-0.021,0.011,18,0.005,4.96,0.044,12,-0.025,0.007,12,0.005,3.845,0.048,9,-0.016,0.01,9,0.005,5.579,0.047,14,-0.023,0.011,14,0.005,5.607,0.079,5,-0.018,0.012,5,0.007,5.233,0.103,8,-0.02,0.008,8,0.005,4.904,0.093,9,-0.014,0.012,9,0.005,6.207,0.044,18,-0.02,0.01,18,0.004,4.121,0.077,3,-0.012,0.008,3,0.007,4.597,0.104,3,-0.007,0.015,3,0.011,8.374,0.031,4,-0.019,0.004,4,0.004,2.629,0.001,5,-0.032,0.001,5,0.005,2.144,0.056,5,-0.026,0.011,5,0.007,2.584,0.062,3,-0.033,0.016,3,0.012,2.106,0.029,3,-0.038,0.01,3,0.01,1.216,0.066,2,0.027,0.029,2,0.029,1.568,0.115,7,-0.019,0.028,7,0.012,0.754,0.051,5,0.183,0.051,5,0.026,1.357,0.032,4,0.001,0.008,4,0.007,1.02,0.025,3,-0.008,0.012,3,0.01,0.622,0.014,5,-0.005,0.02,5,0.011,1.205,0.017,5,-0.035,0.015,5,0.009,1.135,0.062,2,0.008,0.005,2,0.007
HIP72043,-0.026,0.003,8.366,0.025,3,0.015,0.007,3,0.006,8.708,0.012,3,0.024,0.019,3,0.014,6.278,0.083,4,-0.012,0.004,4,0.003,7.609,0.058,5,0.033,0.026,5,0.013,6.388,0.014,2,0.033,0.001,2,0.002,7.484,0.053,14,0.007,0.012,14,0.004,7.059,0.071,4,-0.012,0.021,4,0.013,6.279,0.028,11,-0.007,0.007,11,0.004,3.142,0.044,4,0.031,0.007,4,0.005,3.087,0.017,6,0.029,0.016,6,0.009,4.918,0.051,18,0.004,0.011,18,0.005,4.995,0.049,12,0.011,0.011,12,0.006,3.858,0.047,9,-0.003,0.01,9,0.005,5.568,0.044,14,-0.034,0.01,14,0.005,5.605,0.068,5,-0.021,0.007,5,0.006,5.199,0.104,8,-0.055,0.005,8,0.004,4.922,0.089,9,0.004,0.006,9,0.004,6.202,0.044,18,-0.025,0.008,18,0.003,4.138,0.077,3,0.005,0.009,3,0.006,4.592,0.099,3,-0.012,0.007,3,0.006,8.367,0.041,4,-0.026,0.011,4,0.007,2.537,0.002,5,-0.123,0.002,5,0.005,2.044,0.056,5,-0.126,0.015,5,0.009,2.511,0.051,3,-0.106,0.011,3,0.009,2.09,0.036,3,-0.054,0.011,3,0.009,1.103,0.118,2,-0.086,0.023,2,0.023,1.55,0.1,7,-0.038,0.041,7,0.017,0.603,0.029,5,0.032,0.029,5,0.015,1.317,0.04,4,-0.038,0.014,4,0.01,1.001,0.021,3,-0.027,0.017,3,0.013,0.654,0.012,5,0.027,0.012,5,0.008,1.237,0.004,5,-0.003,0.001,5,0.005,1.119,0.08,2,-0.007,0.012,2,0.013
HIP73241,0.092,0.005,8.494,0.036,3,0.143,0.017,3,0.014,8.829,0.002,3,0.144,0.006,3,0.009,6.377,0.073,4,0.088,0.009,4,0.006,7.783,0.067,5,0.207,0.022,5,0.012,6.558,0.013,2,0.203,0.002,2,0.004,7.598,0.049,14,0.121,0.012,14,0.004,7.243,0.083,4,0.171,0.029,4,0.018,6.427,0.036,11,0.142,0.012,11,0.006,3.249,0.025,4,0.138,0.031,4,0.018,3.2,0.014,6,0.142,0.015,6,0.009,5.075,0.055,18,0.161,0.016,18,0.007,5.124,0.041,12,0.14,0.02,12,0.009,4,0.05,9,0.139,0.021,9,0.009,5.717,0.055,14,0.115,0.022,14,0.008,5.729,0.068,5,0.104,0.008,5,0.007,5.324,0.101,8,0.071,0.005,8,0.005,5.027,0.092,9,0.109,0.008,9,0.005,6.322,0.047,18,0.095,0.016,18,0.005,4.286,0.118,3,0.153,0.036,3,0.026,4.785,0.129,3,0.181,0.036,3,0.025,8.479,0.033,4,0.086,0.01,4,0.007,2.688,0.004,5,0.028,0.005,5,0.007,2.174,0.083,5,0.004,0.02,5,0.012,2.625,0.073,3,0.008,0.026,3,0.02,2.205,0.038,3,0.061,0.01,3,0.01,1.24,0.123,2,0.05,0.028,2,0.028,1.664,0.146,7,0.076,0.034,7,0.015,0.813,0.017,5,0.242,0.017,5,0.01,1.444,0.036,4,0.089,0.014,4,0.01,1.135,0.031,3,0.107,0.016,3,0.013,0.819,0.024,5,0.192,0.014,5,0.009,1.365,0.003,5,0.125,0.002,5,0.007,1.248,0.065,2,0.122,0.003,2,0.007
HIP73815,0.023,0.003,8.385,0.024,3,0.034,0.005,3,0.004,8.747,0.011,3,0.063,0.004,3,0.005,6.295,0.058,4,0.006,0.024,4,0.014,7.63,0.061,5,0.054,0.013,5,0.007,6.407,0.016,2,0.052,0.001,2,0.002,7.507,0.051,14,0.029,0.009,14,0.003,7.117,0.066,4,0.046,0.017,4,0.01,6.309,0.03,11,0.024,0.007,11,0.004,3.137,0.046,4,0.027,0.014,4,0.009,3.107,0.016,6,0.048,0.016,6,0.008,4.943,0.049,18,0.029,0.009,18,0.004,5.026,0.045,12,0.041,0.008,12,0.004,3.884,0.045,9,0.022,0.009,9,0.005,5.623,0.045,14,0.021,0.007,14,0.004,5.655,0.072,5,0.03,0.005,5,0.004,5.261,0.106,8,0.008,0.008,8,0.004,4.94,0.096,9,0.022,0.006,9,0.003,6.245,0.041,18,0.018,0.006,18,0.003,4.178,0.091,3,0.045,0.008,3,0.007,4.652,0.103,3,0.048,0.01,3,0.008,8.431,0.041,4,0.038,0.011,4,0.007,2.582,0.002,5,-0.078,0.003,5,0.004,2.09,0.071,5,-0.08,0.012,5,0.008,2.56,0.05,3,-0.057,0.004,3,0.005,2.122,0.03,3,-0.022,0.008,3,0.008,1.144,0.147,2,-0.045,0.052,2,0.052,1.597,0.123,7,0.009,0.036,7,0.015,0.651,0.015,5,0.08,0.015,5,0.008,1.381,0.026,4,0.025,0.006,4,0.005,1.055,0.038,3,0.026,0.018,3,0.013,0.707,0.009,5,0.08,0.016,5,0.009,1.263,0.003,5,0.023,0.002,5,0.004,1.159,0.074,2,0.033,0.006,2,0.007
HIP74389,0.083,0.003,8.341,0.027,3,-0.011,0.004,3,0.004,8.726,0.024,3,0.041,0.018,3,0.013,6.332,0.066,4,0.042,0.024,4,0.014,7.652,0.06,5,0.076,0.014,5,0.007,6.409,0.026,2,0.054,0.011,2,0.011,7.545,0.052,14,0.068,0.014,14,0.004,7.124,0.076,4,0.052,0.017,4,0.01,6.378,0.027,11,0.093,0.009,11,0.004,3.187,0.034,4,0.077,0.014,4,0.008,3.123,0.014,6,0.064,0.016,6,0.008,5,0.049,18,0.086,0.013,18,0.004,5.058,0.045,12,0.073,0.007,12,0.005,3.935,0.046,9,0.074,0.017,9,0.007,5.691,0.045,14,0.089,0.008,14,0.004,5.707,0.074,5,0.082,0.021,5,0.011,5.317,0.102,8,0.064,0.005,8,0.003,4.979,0.095,9,0.06,0.011,9,0.005,6.293,0.042,18,0.066,0.01,18,0.003,4.176,0.076,3,0.042,0.011,3,0.008,4.636,0.097,3,0.032,0.008,3,0.006,8.403,0.041,4,0.01,0.013,4,0.008,2.798,0,5,0.138,0.001,5,0.005,2.29,0.059,5,0.12,0.012,5,0.008,2.749,0.049,3,0.132,0.012,3,0.01,2.278,0.028,3,0.134,0.001,3,0.005,1.286,0.089,2,0.097,0.006,2,0.008,1.726,0.114,7,0.138,0.035,7,0.015,0.746,0.01,5,0.175,0.01,5,0.007,1.502,0.025,4,0.147,0.01,4,0.008,1.148,0.017,3,0.119,0.021,3,0.016,0.774,0.017,5,0.147,0.016,5,0.009,1.373,0.003,5,0.133,0.002,5,0.005,1.23,0.085,2,0.103,0.017,2,0.018
HIP74432,0.048,0.005,8.507,0.068,3,0.155,0.045,3,0.033,8.862,0.014,3,0.178,0.01,3,0.011,6.356,0.065,4,0.067,0.017,4,0.01,7.766,0.064,5,0.19,0.022,5,0.012,6.579,0.029,2,0.224,0.014,2,0.014,7.601,0.044,14,0.123,0.008,14,0.002,7.205,0.068,4,0.134,0.04,4,0.024,6.389,0.03,11,0.104,0.009,11,0.005,3.234,0.015,4,0.123,0.035,4,0.021,3.256,0.028,6,0.197,0.025,6,0.013,5.073,0.056,18,0.159,0.019,18,0.007,5.153,0.044,12,0.168,0.025,12,0.01,3.991,0.054,9,0.13,0.016,9,0.008,5.652,0.05,14,0.05,0.015,14,0.006,5.672,0.071,5,0.047,0.013,5,0.009,5.257,0.105,8,0.003,0.01,8,0.006,5.03,0.093,9,0.112,0.011,9,0.005,6.3,0.051,18,0.073,0.02,18,0.006,4.275,0.112,3,0.142,0.034,3,0.024,4.772,0.138,3,0.169,0.044,3,0.031,8.466,0.04,4,0.072,0.011,4,0.007,2.628,0.001,5,-0.033,0.002,5,0.007,2.132,0.069,5,-0.038,0.016,5,0.01,2.633,0.066,3,0.016,0.019,3,0.015,2.166,0.032,3,0.022,0.021,3,0.016,1.289,0.102,2,0.1,0.007,2,0.01,1.65,0.148,7,0.062,0.057,7,0.024,0.757,0.018,5,0.186,0.018,5,0.011,1.463,0.022,4,0.107,0.022,4,0.014,1.176,0.022,3,0.147,0.023,3,0.017,0.803,0.022,5,0.176,0.015,5,0.01,1.411,0.005,5,0.171,0.002,5,0.006,1.316,0.053,2,0.189,0.014,2,0.015
HIP7585,0.083,0.003,8.371,0.03,3,0.019,0.005,3,0.004,8.735,0.014,3,0.05,0.014,3,0.011,6.344,0.079,4,0.054,0.007,4,0.005,7.652,0.054,5,0.076,0.01,5,0.006,6.412,0.03,2,0.057,0.015,2,0.015,7.554,0.045,14,0.077,0.008,14,0.002,7.13,0.074,4,0.058,0.014,4,0.008,6.378,0.029,11,0.093,0.007,11,0.004,3.181,0.034,4,0.07,0.019,4,0.011,3.14,0.014,6,0.082,0.012,6,0.006,5.004,0.052,18,0.09,0.011,18,0.004,5.07,0.044,12,0.086,0.009,12,0.004,3.938,0.045,9,0.077,0.011,9,0.005,5.696,0.045,14,0.094,0.007,14,0.004,5.716,0.072,5,0.09,0.008,5,0.005,5.334,0.103,8,0.08,0.006,8,0.004,4.969,0.09,9,0.05,0.012,9,0.005,6.296,0.041,18,0.069,0.007,18,0.003,4.193,0.084,3,0.059,0.005,3,0.005,4.67,0.105,3,0.067,0.012,3,0.009,8.425,0.036,4,0.032,0.007,4,0.005,2.813,0.001,5,0.153,0.003,5,0.005,2.315,0.06,5,0.145,0.006,5,0.006,2.757,0.046,3,0.14,0.007,3,0.006,2.29,0.026,3,0.146,0.008,3,0.007,1.305,0.074,2,0.116,0.021,2,0.022,1.724,0.117,7,0.136,0.035,7,0.015,0.712,0.013,5,0.141,0.013,5,0.008,1.494,0.042,4,0.138,0.014,4,0.009,1.127,0.015,3,0.098,0.029,3,0.021,0.751,0.012,5,0.124,0.029,5,0.015,1.367,0.003,5,0.127,0.003,5,0.004,1.235,0.09,2,0.109,0.022,2,0.023
HIP76114,-0.024,0.003,8.349,0.059,3,-0.003,0.036,3,0.026,8.694,0.018,3,0.01,0.012,3,0.01,6.272,0.065,4,-0.017,0.017,4,0.01,7.56,0.06,5,-0.016,0.005,5,0.003,6.35,0.027,2,-0.005,0.011,2,0.012,7.459,0.045,14,-0.018,0.008,14,0.002,7.06,0.073,4,-0.011,0.021,4,0.013,6.267,0.03,11,-0.018,0.006,11,0.003,3.077,0.031,4,-0.034,0.022,4,0.013,3.06,0.035,6,0.002,0.031,6,0.014,4.898,0.047,18,-0.017,0.011,18,0.004,4.965,0.049,12,-0.019,0.013,12,0.006,3.84,0.046,9,-0.021,0.011,9,0.005,5.577,0.047,14,-0.025,0.009,14,0.004,5.601,0.071,5,-0.025,0.007,5,0.005,5.237,0.105,8,-0.017,0.005,8,0.004,4.889,0.091,9,-0.029,0.009,9,0.004,6.208,0.041,18,-0.02,0.009,18,0.003,4.129,0.097,3,-0.004,0.014,3,0.01,4.58,0.105,3,-0.023,0.012,3,0.009,8.345,0.02,4,-0.048,0.01,4,0.006,2.621,0,5,-0.039,0.001,5,0.005,2.119,0.064,5,-0.051,0.008,5,0.007,2.575,0.056,3,-0.042,0.012,3,0.009,2.108,0.034,3,-0.037,0.014,3,0.011,1.136,0.08,2,-0.053,0.015,2,0.016,1.55,0.116,7,-0.038,0.033,7,0.014,0.585,0.023,5,0.014,0.023,5,0.012,1.324,0.042,4,-0.032,0.017,4,0.011,0.983,0.022,3,-0.046,0.036,3,0.026,0.643,0.02,5,0.016,0.037,5,0.019,1.222,0.004,5,-0.018,0.005,5,0.005,1.089,0.041,2,-0.037,0.027,2,0.027
HIP77052,0.051,0.003,8.27,0.03,3,-0.082,0.001,3,0.003,8.705,0.02,3,0.02,0.012,3,0.01,6.284,0.061,4,-0.005,0.026,4,0.015,7.628,0.059,5,0.052,0.013,5,0.007,6.395,0.015,2,0.04,0,2,0.002,7.519,0.046,14,0.042,0.011,14,0.003,7.063,0.069,4,-0.008,0.043,4,0.025,6.368,0.033,11,0.082,0.007,11,0.004,3.147,0.027,4,0.036,0.023,4,0.013,3.095,0.008,6,0.037,0.008,6,0.006,4.998,0.054,18,0.083,0.014,18,0.005,5.04,0.043,12,0.056,0.012,12,0.006,3.927,0.054,9,0.066,0.014,9,0.006,5.674,0.047,14,0.072,0.012,14,0.005,5.685,0.08,5,0.059,0.017,5,0.009,5.294,0.105,8,0.041,0.011,8,0.005,4.933,0.084,9,0.014,0.017,9,0.006,6.25,0.044,18,0.022,0.01,18,0.003,4.136,0.077,3,0.003,0.01,3,0.007,4.592,0.12,3,-0.011,0.033,3,0.024,8.325,0.029,4,-0.069,0.005,4,0.003,2.81,0.002,5,0.15,0.002,5,0.005,2.3,0.065,5,0.13,0.011,5,0.008,2.759,0.066,3,0.142,0.02,3,0.015,2.282,0.027,3,0.138,0.006,3,0.006,1.295,0.064,2,0.106,0.031,2,0.032,1.737,0.129,7,0.149,0.049,7,0.021,0.725,0.014,5,0.154,0.014,5,0.009,1.52,0.041,4,0.165,0.013,4,0.009,1.14,0.021,3,0.111,0.019,3,0.015,0.735,0.013,5,0.108,0.011,5,0.007,1.36,0.002,5,0.119,0.003,5,0.006,1.243,0.078,2,0.117,0.01,2,0.012
HIP77883,0.017,0.003,8.385,0.055,3,0.033,0.033,3,0.023,8.764,0.009,3,0.08,0.002,3,0.005,6.31,0.091,4,0.021,0.026,4,0.015,7.612,0.071,5,0.036,0.016,5,0.009,6.401,0.026,2,0.046,0.01,2,0.01,7.499,0.045,14,0.022,0.01,14,0.003,7.104,0.077,4,0.032,0.029,4,0.017,6.311,0.034,11,0.025,0.01,11,0.005,3.123,0.026,4,0.013,0.032,4,0.018,3.1,0.022,6,0.041,0.017,6,0.009,4.956,0.047,18,0.042,0.012,18,0.004,5.022,0.045,12,0.037,0.014,12,0.006,3.89,0.046,9,0.029,0.009,9,0.004,5.625,0.046,14,0.023,0.018,14,0.006,5.653,0.066,5,0.028,0.021,5,0.012,5.259,0.107,8,0.005,0.011,8,0.005,4.94,0.084,9,0.021,0.018,9,0.007,6.238,0.038,18,0.011,0.011,18,0.003,4.182,0.087,3,0.049,0.002,3,0.003,4.641,0.111,3,0.038,0.017,3,0.013,8.4,0.032,4,0.006,0.012,4,0.007,2.601,0.002,5,-0.059,0.002,5,0.005,2.108,0.069,5,-0.062,0.016,5,0.01,2.576,0.051,3,-0.041,0.008,3,0.008,2.12,0.024,3,-0.024,0.005,3,0.006,1.18,0.112,2,-0.009,0.017,2,0.018,1.595,0.144,7,0.007,0.044,7,0.019,0.714,0.024,5,0.143,0.024,5,0.013,1.382,0.034,4,0.027,0.014,4,0.009,1.057,0.013,3,0.028,0.023,3,0.017,0.674,0.021,5,0.047,0.027,5,0.014,1.224,0.006,5,-0.016,0.003,5,0.005,1.224,0.111,2,0.097,0.043,2,0.043
HIP79578,0.048,0.003,8.375,0.044,3,0.023,0.02,3,0.015,8.734,0.005,3,0.049,0.013,3,0.009,6.312,0.079,4,0.023,0.006,4,0.004,7.614,0.058,5,0.038,0.012,5,0.007,6.383,0.025,2,0.029,0.009,2,0.009,7.521,0.049,14,0.044,0.011,14,0.003,7.115,0.068,4,0.044,0.011,4,0.007,6.347,0.03,11,0.062,0.006,11,0.004,3.148,0.038,4,0.037,0.022,4,0.013,3.094,0.017,6,0.036,0.012,6,0.007,4.967,0.05,18,0.053,0.008,18,0.004,5.025,0.045,12,0.04,0.006,12,0.005,3.914,0.047,9,0.052,0.008,9,0.004,5.666,0.044,14,0.064,0.009,14,0.004,5.688,0.077,5,0.062,0.007,5,0.005,5.296,0.104,8,0.043,0.008,8,0.004,4.952,0.088,9,0.033,0.009,9,0.004,6.263,0.042,18,0.036,0.007,18,0.003,4.155,0.071,3,0.022,0.013,3,0.01,4.629,0.101,3,0.025,0.013,3,0.01,8.419,0.032,4,0.026,0.009,4,0.006,2.763,0.002,5,0.102,0.003,5,0.005,2.249,0.057,5,0.079,0.012,5,0.008,2.699,0.052,3,0.082,0.005,3,0.006,2.245,0.036,3,0.101,0.011,3,0.009,1.253,0.088,2,0.064,0.007,2,0.009,1.676,0.128,7,0.088,0.041,7,0.017,0.698,0.021,5,0.127,0.021,5,0.011,1.445,0.034,4,0.09,0.006,4,0.006,1.09,0.018,3,0.062,0.018,3,0.014,0.739,0.02,5,0.112,0.028,5,0.014,1.304,0.003,5,0.064,0.005,5,0.005,1.22,0.067,2,0.094,0.001,2,0.005
HIP79715,-0.037,0.004,8.36,0.031,3,0.008,0.005,3,0.005,8.685,0.016,3,0.001,0.009,3,0.008,6.282,0.061,4,-0.007,0.03,4,0.018,7.568,0.054,5,-0.008,0.007,5,0.005,6.359,0.026,2,0.005,0.01,2,0.01,7.457,0.051,14,-0.02,0.012,14,0.004,7.064,0.078,4,-0.008,0.024,4,0.014,6.252,0.03,11,-0.033,0.01,11,0.005,3.092,0.044,4,-0.019,0.007,4,0.005,3.057,0.014,6,-0.001,0.009,6,0.006,4.889,0.05,18,-0.025,0.011,18,0.005,4.969,0.043,12,-0.015,0.014,12,0.006,3.83,0.039,9,-0.031,0.01,9,0.006,5.556,0.042,14,-0.046,0.01,14,0.005,5.599,0.077,5,-0.027,0.012,5,0.007,5.211,0.108,8,-0.043,0.009,8,0.005,4.907,0.09,9,-0.012,0.012,9,0.005,6.198,0.04,18,-0.029,0.01,18,0.004,4.127,0.077,3,-0.006,0.008,3,0.007,4.577,0.086,3,-0.026,0.009,3,0.007,8.382,0.029,4,-0.012,0.009,4,0.006,2.562,0.002,5,-0.098,0.003,5,0.005,2.067,0.057,5,-0.103,0.007,5,0.007,2.542,0.048,3,-0.075,0.004,3,0.006,2.069,0.022,3,-0.075,0.008,3,0.007,1.136,0.104,2,-0.053,0.009,2,0.01,1.552,0.101,7,-0.036,0.042,7,0.018,0.685,0.029,5,0.114,0.029,5,0.015,1.329,0.03,4,-0.027,0.015,4,0.01,0.995,0.037,3,-0.034,0.006,3,0.007,0.626,0.032,5,-0.001,0.013,5,0.008,1.213,0.003,5,-0.028,0,5,0.005,1.095,0.071,2,-0.032,0.003,2,0.006
HIP79672,0.041,0.003,8.338,0.033,3,-0.013,0.005,3,0.005,8.721,0.007,3,0.037,0.007,3,0.006,6.31,0.07,4,0.021,0.016,4,0.009,7.622,0.058,5,0.046,0.017,5,0.009,6.383,0.017,2,0.028,0.002,2,0.002,7.519,0.047,14,0.041,0.007,14,0.002,7.087,0.065,4,0.016,0.004,4,0.003,6.339,0.031,11,0.054,0.008,11,0.004,3.129,0.035,4,0.018,0.017,4,0.01,3.098,0.013,6,0.039,0.013,6,0.007,4.96,0.05,18,0.046,0.01,18,0.004,5.032,0.042,12,0.048,0.007,12,0.005,3.896,0.047,9,0.035,0.008,9,0.004,5.646,0.043,14,0.044,0.005,14,0.003,5.676,0.076,5,0.05,0.014,5,0.008,5.288,0.105,8,0.035,0.006,8,0.004,4.94,0.09,9,0.021,0.007,9,0.004,6.259,0.042,18,0.032,0.008,18,0.003,4.162,0.072,3,0.029,0.015,3,0.012,4.626,0.101,3,0.022,0.008,3,0.006,8.376,0.041,4,-0.018,0.011,4,0.007,2.744,0.002,5,0.084,0.002,5,0.005,2.254,0.06,5,0.084,0.007,5,0.007,2.712,0.051,3,0.095,0.005,3,0.006,2.224,0.025,3,0.08,0.007,3,0.006,1.266,0.087,2,0.077,0.008,2,0.009,1.689,0.119,7,0.101,0.024,7,0.011,0.7,0.02,5,0.129,0.02,5,0.011,1.479,0.039,4,0.124,0.013,4,0.009,1.136,0.014,3,0.108,0.022,3,0.016,0.783,0.008,5,0.156,0.026,5,0.014,1.368,0.002,5,0.128,0.004,5,0.004,1.286,0.071,2,0.159,0.003,2,0.005
HIP81746,-0.091,0.003,8.289,0.043,3,-0.063,0.02,3,0.015,8.659,0.021,3,-0.025,0.017,3,0.013,6.19,0.07,4,-0.1,0.016,4,0.01,7.541,0.052,5,-0.035,0.01,5,0.006,6.337,0.021,2,-0.018,0.006,2,0.006,7.427,0.043,14,-0.05,0.01,14,0.003,7.015,0.085,4,-0.056,0.037,4,0.022,6.234,0.03,11,-0.051,0.007,11,0.004,3.04,0.041,4,-0.07,0.012,4,0.007,3.011,0.015,6,-0.047,0.013,6,0.007,4.881,0.047,18,-0.033,0.011,18,0.004,4.937,0.044,12,-0.047,0.013,12,0.006,3.8,0.044,9,-0.061,0.01,9,0.005,5.508,0.044,14,-0.094,0.007,14,0.003,5.531,0.072,5,-0.095,0.013,5,0.008,5.122,0.101,8,-0.131,0.006,8,0.004,4.854,0.09,9,-0.064,0.01,9,0.004,6.139,0.04,18,-0.088,0.01,18,0.003,4.06,0.087,3,-0.074,0.006,3,0.004,4.508,0.102,3,-0.096,0.015,3,0.011,8.256,0.022,4,-0.137,0.01,4,0.006,2.477,0.001,5,-0.183,0.003,5,0.004,1.976,0.066,5,-0.194,0.009,5,0.007,2.465,0.061,3,-0.152,0.016,3,0.012,2.01,0.022,3,-0.134,0.012,3,0.009,1.062,0.088,2,-0.128,0.007,2,0.009,1.494,0.115,7,-0.094,0.031,7,0.013,0.557,0.037,5,-0.014,0.037,5,0.019,1.279,0.043,4,-0.077,0.016,4,0.01,0.982,0.024,3,-0.047,0.018,3,0.014,0.593,0.013,5,-0.034,0.035,5,0.018,1.16,0.002,5,-0.08,0.005,5,0.005,1.081,0.046,2,-0.045,0.021,2,0.021
HIP83276,-0.093,0.005,8.306,0.019,3,-0.046,0.011,3,0.01,8.663,0.009,3,-0.021,0.008,3,0.01,6.154,0.093,4,-0.135,0.012,4,0.008,7.503,0.055,5,-0.073,0.01,5,0.006,6.284,0.006,2,-0.071,0.009,2,0.01,7.4,0.046,14,-0.077,0.014,14,0.004,7.04,0.1,4,-0.031,0.056,4,0.033,6.214,0.027,11,-0.071,0.016,11,0.007,3.019,0.056,4,-0.092,0.016,4,0.01,2.991,0.028,6,-0.067,0.025,6,0.013,4.828,0.051,18,-0.086,0.011,18,0.006,4.92,0.053,12,-0.064,0.018,12,0.008,3.752,0.037,9,-0.109,0.026,9,0.011,5.489,0.041,14,-0.113,0.017,14,0.007,5.538,0.074,5,-0.087,0.016,5,0.01,5.095,0.11,8,-0.159,0.013,8,0.007,4.805,0.102,9,-0.114,0.018,9,0.008,6.102,0.046,18,-0.125,0.019,18,0.006,4.022,0.048,3,-0.112,0.039,3,0.028,4.467,0.084,3,-0.136,0.013,3,0.01,8.301,0.042,4,-0.093,0.015,4,0.01,2.432,0.001,5,-0.228,0.001,5,0.006,1.935,0.053,5,-0.235,0.014,5,0.01,2.436,0.039,3,-0.181,0.018,3,0.015,2.006,0.029,3,-0.138,0.005,3,0.007,1.069,0.07,2,-0.12,0.025,2,0.025,1.508,0.086,7,-0.08,0.049,7,0.021,0.558,0.05,5,-0.013,0.05,5,0.026,1.284,0.024,4,-0.071,0.028,4,0.017,0.954,0.01,3,-0.074,0.027,3,0.02,0.593,0.016,5,-0.034,0.033,5,0.018,1.185,0.002,5,-0.055,0.002,5,0.006,1.099,0.064,2,-0.027,0.004,2,0.008
HIP85042,0.03,0.003,8.345,0.038,3,-0.006,0.01,3,0.008,8.74,0.03,3,0.055,0.023,3,0.016,6.298,0.059,4,0.009,0.023,4,0.013,7.637,0.064,5,0.061,0.009,5,0.005,6.439,0.026,2,0.085,0.01,2,0.01,7.508,0.046,14,0.03,0.007,14,0.002,7.075,0.069,4,0.003,0.036,4,0.021,6.334,0.033,11,0.049,0.006,11,0.004,3.141,0.025,4,0.03,0.026,4,0.015,3.147,0.057,6,0.089,0.053,6,0.024,4.976,0.051,18,0.061,0.012,18,0.004,5.034,0.045,12,0.049,0.012,12,0.005,3.908,0.051,9,0.047,0.009,9,0.005,5.633,0.05,14,0.031,0.01,14,0.004,5.649,0.073,5,0.024,0.007,5,0.005,5.263,0.102,8,0.009,0.009,8,0.004,4.951,0.085,9,0.032,0.019,9,0.007,6.268,0.042,18,0.041,0.011,18,0.004,4.177,0.094,3,0.043,0.01,3,0.008,4.624,0.112,3,0.021,0.018,3,0.013,8.362,0.027,4,-0.032,0.006,4,0.004,2.669,0.001,5,0.009,0.002,5,0.005,2.164,0.08,5,-0.006,0.018,5,0.011,2.617,0.067,3,0,0.021,3,0.016,2.142,0.036,3,-0.002,0.009,3,0.008,1.191,0.11,2,0.002,0.015,2,0.016,1.611,0.132,7,0.023,0.041,7,0.017,0.679,0.019,5,0.108,0.019,5,0.01,1.409,0.034,4,0.054,0.013,4,0.009,1.073,0.027,3,0.044,0.01,3,0.008,0.695,0.009,5,0.068,0.031,5,0.016,1.308,0.002,5,0.067,0.003,5,0.005,1.211,0.045,2,0.084,0.022,2,0.023
HIP8507,-0.099,0.003,8.185,0.03,3,-0.167,0.018,3,0.013,8.604,0.004,3,-0.081,0.012,3,0.009,6.143,0.07,4,-0.146,0.023,4,0.013,7.492,0.049,5,-0.084,0.013,5,0.007,6.264,0.016,2,-0.09,0,2,0.001,7.378,0.049,14,-0.1,0.012,14,0.003,6.945,0.035,4,-0.127,0.048,4,0.028,6.22,0.031,11,-0.065,0.005,11,0.003,3.009,0.029,4,-0.102,0.025,4,0.015,2.962,0.017,6,-0.097,0.012,6,0.007,4.858,0.05,18,-0.056,0.011,18,0.004,4.91,0.051,12,-0.075,0.019,12,0.007,3.777,0.049,9,-0.084,0.014,9,0.006,5.509,0.042,14,-0.093,0.012,14,0.004,5.533,0.08,5,-0.092,0.011,5,0.007,5.106,0.11,8,-0.148,0.014,8,0.006,4.803,0.087,9,-0.116,0.012,9,0.005,6.101,0.043,18,-0.126,0.011,18,0.003,3.989,0.055,3,-0.144,0.03,3,0.022,4.457,0.095,3,-0.146,0.01,3,0.008,8.2,0.024,4,-0.194,0.008,4,0.005,2.611,0.001,5,-0.05,0.002,5,0.004,2.111,0.065,5,-0.059,0.007,5,0.006,2.592,0.054,3,-0.025,0.012,3,0.01,2.118,0.008,3,-0.026,0.02,3,0.015,1.212,0.068,2,0.023,0.027,2,0.027,1.617,0.102,7,0.029,0.041,7,0.017,0.641,0.033,5,0.07,0.033,5,0.017,1.399,0.04,4,0.044,0.019,4,0.012,1.019,0.027,3,-0.009,0.011,3,0.009,0.608,0.024,5,-0.019,0.044,5,0.022,1.198,0.002,5,-0.042,0.003,5,0.005,1.134,0.047,2,0.008,0.02,2,0.021
HIP87769,0.072,0.004,8.415,0.033,3,0.064,0.02,3,0.014,8.75,0.016,3,0.066,0.02,3,0.015,6.384,0.069,4,0.095,0.016,4,0.01,7.659,0.057,5,0.083,0.015,5,0.008,6.436,0.019,2,0.081,0.004,2,0.004,7.55,0.051,14,0.072,0.012,14,0.003,7.168,0.07,4,0.096,0.016,4,0.01,6.377,0.034,11,0.092,0.009,11,0.004,3.196,0.053,4,0.085,0.028,4,0.016,3.137,0.016,6,0.079,0.015,6,0.008,4.992,0.057,18,0.078,0.015,18,0.005,5.057,0.043,12,0.072,0.009,12,0.005,3.949,0.047,9,0.088,0.017,9,0.007,5.686,0.044,14,0.084,0.012,14,0.005,5.708,0.073,5,0.083,0.007,5,0.005,5.334,0.099,8,0.08,0.01,8,0.005,4.988,0.089,9,0.07,0.012,9,0.005,6.307,0.042,18,0.08,0.01,18,0.004,4.2,0.088,3,0.067,0.004,3,0.004,4.686,0.099,3,0.083,0.006,3,0.006,8.445,0.039,4,0.052,0.009,4,0.006,2.769,0.002,5,0.109,0.002,5,0.005,2.256,0.055,5,0.086,0.016,5,0.01,2.702,0.057,3,0.085,0.011,3,0.009,2.215,0.031,3,0.07,0.004,3,0.007,1.295,0.051,2,0.106,0.043,2,0.044,1.638,0.136,7,0.05,0.021,7,0.01,0.738,0.018,5,0.167,0.018,5,0.01,1.405,0.041,4,0.049,0.011,4,0.008,1.121,0.008,3,0.093,0.028,3,0.02,0.741,0.023,5,0.114,0.045,5,0.023,1.324,0.009,5,0.084,0.006,5,0.005,1.208,0.061,2,0.081,0.006,2,0.008
HIP89650,-0.015,0.003,8.38,0.031,3,0.029,0.005,3,0.005,8.716,0.011,3,0.032,0.019,3,0.014,6.306,0.066,4,0.017,0.016,4,0.009,7.597,0.055,5,0.021,0.021,5,0.011,6.363,0.018,2,0.008,0.003,2,0.003,7.478,0.05,14,0,0.014,14,0.004,7.089,0.09,4,0.018,0.042,4,0.024,6.27,0.031,11,-0.015,0.008,11,0.004,3.121,0.053,4,0.01,0.013,4,0.008,3.07,0.009,6,0.012,0.005,6,0.005,4.903,0.052,18,-0.012,0.01,18,0.004,4.978,0.042,12,-0.007,0.008,12,0.005,3.858,0.044,9,-0.003,0.011,9,0.005,5.579,0.045,14,-0.023,0.013,14,0.005,5.618,0.074,5,-0.007,0.008,5,0.006,5.234,0.106,8,-0.02,0.011,8,0.005,4.933,0.094,9,0.015,0.008,9,0.004,6.22,0.041,18,-0.007,0.012,18,0.004,4.146,0.081,3,0.013,0.004,3,0.004,4.607,0.103,3,0.004,0.009,3,0.007,8.402,0.03,4,0.009,0.006,4,0.004,2.599,0.001,5,-0.061,0.003,5,0.004,2.109,0.049,5,-0.061,0.019,5,0.011,2.58,0.053,3,-0.037,0.017,3,0.013,2.104,0.021,3,-0.04,0.008,3,0.007,1.239,0.043,2,0.049,0.051,2,0.052,1.591,0.108,7,0.003,0.03,7,0.013,0.683,0.02,5,0.112,0.02,5,0.011,1.367,0.032,4,0.012,0.014,4,0.01,1.048,0.03,3,0.019,0.005,3,0.006,0.723,0.024,5,0.096,0.012,5,0.008,1.227,0.004,5,-0.014,0.002,5,0.005,1.145,0.133,2,0.019,0.066,2,0.066
HIP9349,-0.006,0.005,8.3,0.031,3,-0.052,0.004,3,0.007,8.681,0.009,3,-0.003,0.011,3,0.011,6.241,0.09,4,-0.048,0.019,4,0.012,7.536,0.049,5,-0.04,0.028,5,0.015,6.301,0.013,2,-0.054,0.002,2,0.004,7.448,0.046,14,-0.029,0.01,14,0.003,7.048,0.05,4,-0.023,0.021,4,0.013,6.302,0.031,11,0.017,0.009,11,0.006,3.105,0.054,4,-0.005,0.029,4,0.018,3.01,0.011,6,-0.049,0.007,6,0.006,4.915,0.051,18,0,0.018,18,0.007,4.96,0.045,12,-0.024,0.01,12,0.006,3.859,0.044,9,-0.003,0.014,9,0.008,5.611,0.041,14,0.01,0.017,14,0.007,5.624,0.076,5,-0.001,0.013,5,0.009,5.235,0.112,8,-0.019,0.018,8,0.008,4.875,0.102,9,-0.044,0.014,9,0.007,6.175,0.05,18,-0.053,0.018,18,0.006,4.049,0.041,3,-0.084,0.047,3,0.033,4.54,0.107,3,-0.064,0.016,3,0.012,8.354,0.033,4,-0.039,0.007,4,0.007,2.738,0.001,5,0.078,0.002,5,0.007,2.227,0.055,5,0.057,0.011,5,0.008,2.684,0.049,3,0.067,0.012,3,0.01,2.275,0.034,3,0.131,0.007,3,0.007,1.255,0.062,2,0.066,0.033,2,0.033,1.692,0.111,7,0.104,0.032,7,0.014,0.708,0.02,5,0.137,0.02,5,0.011,1.46,0.043,4,0.104,0.016,4,0.01,1.082,0.013,3,0.054,0.047,3,0.034,0.673,0.005,5,0.046,0.021,5,0.012,1.27,0.004,5,0.03,0.003,5,0.005,1.163,0.097,2,0.037,0.029,2,0.03
HIP95962,0.029,0.003,8.408,0.024,3,0.056,0.006,3,0.005,8.715,0.009,3,0.031,0.004,3,0.004,6.349,0.061,4,0.06,0.023,4,0.013,7.621,0.062,5,0.045,0.008,5,0.005,6.405,0.021,2,0.05,0.006,2,0.006,7.516,0.052,14,0.039,0.012,14,0.003,7.123,0.074,4,0.052,0.014,4,0.008,6.323,0.031,11,0.038,0.011,11,0.005,3.144,0.041,4,0.033,0.022,4,0.013,3.105,0.013,6,0.047,0.016,6,0.008,4.949,0.047,18,0.035,0.011,18,0.004,5.015,0.039,12,0.031,0.01,12,0.005,3.895,0.042,9,0.034,0.007,9,0.004,5.627,0.044,14,0.025,0.007,14,0.004,5.651,0.067,5,0.025,0.005,5,0.004,5.295,0.105,8,0.041,0.007,8,0.004,4.957,0.094,9,0.039,0.012,9,0.005,6.271,0.042,18,0.044,0.007,18,0.003,4.19,0.089,3,0.057,0.005,3,0.005,4.639,0.086,3,0.036,0.012,3,0.009,8.428,0.029,4,0.034,0.004,4,0.003,2.672,0.001,5,0.011,0.001,5,0.004,2.173,0.065,5,0.003,0.007,5,0.006,2.613,0.053,3,-0.004,0.007,3,0.007,2.147,0.03,3,0.003,0.003,3,0.005,1.192,0.111,2,0.003,0.016,2,0.016,1.59,0.122,7,0.002,0.015,7,0.007,0.67,0.007,5,0.099,0.007,5,0.005,1.36,0.032,4,0.004,0.017,4,0.011,1.04,0.034,3,0.012,0.007,3,0.006,0.637,0.009,5,0.01,0.023,5,0.012,1.272,0.003,5,0.031,0,5,0.004,1.141,0.049,2,0.015,0.019,2,0.019
HIP96160,-0.036,0.003,8.284,0.028,3,-0.068,0.004,3,0.004,8.671,0.002,3,-0.013,0.008,3,0.007,6.239,0.073,4,-0.051,0.023,4,0.014,7.54,0.047,5,-0.036,0.019,5,0.01,6.303,0.014,2,-0.051,0.002,2,0.003,7.442,0.051,14,-0.035,0.014,14,0.004,7.053,0.08,4,-0.019,0.022,4,0.013,6.273,0.031,11,-0.012,0.01,11,0.005,3.086,0.045,4,-0.025,0.015,4,0.009,3.014,0.025,6,-0.044,0.019,6,0.009,4.897,0.052,18,-0.017,0.011,18,0.005,4.951,0.043,12,-0.034,0.014,12,0.006,3.836,0.052,9,-0.026,0.015,9,0.007,5.576,0.042,14,-0.026,0.017,14,0.006,5.599,0.077,5,-0.026,0.011,5,0.007,5.199,0.104,8,-0.055,0.006,8,0.004,4.874,0.089,9,-0.045,0.013,9,0.006,6.16,0.044,18,-0.067,0.012,18,0.004,4.049,0.067,3,-0.085,0.018,3,0.013,4.539,0.103,3,-0.064,0.01,3,0.008,8.325,0.032,4,-0.069,0.003,4,0.004,2.677,0.001,5,0.017,0.001,5,0.005,2.18,0.054,5,0.01,0.011,5,0.009,2.647,0.055,3,0.03,0.014,3,0.011,2.179,0.027,3,0.035,0.001,3,0.005,1.26,0.076,2,0.071,0.019,2,0.02,1.646,0.103,7,0.059,0.038,7,0.016,0.72,0.03,5,0.149,0.03,5,0.016,1.418,0.03,4,0.062,0.01,4,0.008,1.038,0.027,3,0.01,0.042,3,0.03,0.69,0.03,5,0.063,0.015,5,0.009,1.255,0.005,5,0.015,0.002,5,0.006,1.164,0.085,2,0.038,0.018,2,0.019
sun,0,0,8.352,0.029,3,0,0,3,0,8.684,0.007,3,0,0,3,0,6.289,0.082,4,0,0,4,0,7.576,0.057,5,0,0,5,0,6.354,0.015,2,0,0,2,0,7.477,0.046,14,0,0,14,0,7.071,0.062,4,0,0,4,0,6.285,0.031,11,0,0,11,0,3.111,0.047,4,0,0,4,0,3.058,0.007,6,0,0,6,0,4.914,0.048,18,0,0,18,0,4.985,0.045,12,0,0,12,0,3.861,0.047,9,0,0,9,0,5.602,0.044,14,0,0,14,0,5.626,0.07,5,0,0,5,0,5.254,0.104,8,0,0,8,0,4.918,0.095,9,0,0,9,0,6.227,0.041,18,0,0,18,0,4.133,0.084,3,0,0,3,0,4.603,0.094,3,0,0,3,0,8.393,0.031,4,0,0,4,0,0,0,0,0,0,0,0,0,0,0,0,0,0,0,0,0,0,0,0,0,0,0,0,0,0,0,0,0,0,0,0,0,0,0,0,0,0,0,0,0,0,0,0,0,0,0,0,0,0,0,0,0,0,0,0,0,0,0,0,0,0,0,0,0,0,0,0,0,0,0,0,0,0,0,0,0,0,0,0,0,0,0,0,0